timestamp,interval(s),volt_0,volt_1,volt_2,volt_3,volt_4,volt_5,volt_6,volt_7,volt_8,volt_9,volt_10,volt_11
2020-06-03 10:41:02.268224,0.1092,0.4692,0.3363,0.3832,0.0596,0.4213,0.4467,0.1427,0.3861,0.2111,0.1339,0.2962,0.4154
2020-06-03 10:41:02.361824,0.2028,0.4555,0.3324,0.4047,0.1095,0.4506,0.4741,0.1007,0.3783,0.1926,0.131,0.2923,0.4203
2020-06-03 10:41:02.471024,0.312,0.3734,0.2952,0.4213,0.174,0.477,0.4888,0.0371,0.346,0.1945,0.1662,0.2923,0.4086
2020-06-03 10:41:02.564624,0.4056,0.3275,0.2757,0.391,0.1447,0.4604,0.4888,0.0,0.3138,0.1945,0.174,0.2815,0.3988
2020-06-03 10:41:02.673824,0.5148,0.1085,0.1838,0.3558,0.1525,0.4252,0.4633,0.0987,0.3754,0.216,0.1701,0.2835,0.3959
2020-06-03 10:41:02.767424,0.6084,0.0997,0.1349,0.3421,0.1369,0.4154,0.4506,0.0782,0.3939,0.2893,0.2033,0.2669,0.3871
2020-06-03 10:41:02.861024,0.702,0.2033,0.1857,0.3607,0.1085,0.3871,0.4027,0.0655,0.3812,0.2766,0.2082,0.2659,0.39
2020-06-03 10:41:02.970224,0.8112,0.3167,0.2229,0.3773,0.0635,0.3646,0.3196,0.1457,0.4409,0.3001,0.218,0.3324,0.4399
2020-06-03 10:41:03.063824,0.9048,0.3001,0.1926,0.306,0.0029,0.2796,0.2346,0.2473,0.4809,0.2366,0.1994,0.348,0.4565
2020-06-03 10:41:03.173024,1.014,0.4047,0.2317,0.2825,0.0,0.2893,0.2395,0.3206,0.5103,0.0557,0.1114,0.3382,0.4536
2020-06-03 10:41:03.266624,1.1076,0.4233,0.259,0.3451,0.0,0.3109,0.2239,0.129,0.4448,0.2092,0.2141,0.304,0.4242
2020-06-03 10:41:03.360224,1.2012,0.4624,0.3167,0.4194,0.0684,0.3509,0.2072,0.0,0.3636,0.2395,0.2366,0.2981,0.4184
2020-06-03 10:41:03.469424,1.3104,0.393,0.2708,0.39,0.0743,0.3695,0.346,0.0714,0.3666,0.2258,0.1935,0.2825,0.4008
2020-06-03 10:41:03.563024,1.404,0.3969,0.2815,0.4047,0.0811,0.3969,0.3842,0.085,0.3705,0.1906,0.131,0.2776,0.3988
2020-06-03 10:41:03.672224,1.5132,0.3343,0.2708,0.4194,0.1183,0.4164,0.4047,0.0,0.2981,0.1457,0.1701,0.2864,0.3998
2020-06-03 10:41:03.765824,1.6068,0.2532,0.261,0.4409,0.1672,0.435,0.436,0.0,0.2542,0.1877,0.1896,0.2864,0.3969
2020-06-03 10:41:03.875024,1.716,0.1965,0.2385,0.4311,0.1652,0.4321,0.4282,0.0,0.1867,0.2805,0.2424,0.2776,0.3871
2020-06-03 10:41:03.968624,1.8096,0.1476,0.1417,0.3695,0.1183,0.3803,0.4027,0.1095,0.4291,0.2757,0.2043,0.2483,0.3861
2020-06-03 10:41:04.062224,1.9032,0.2893,0.2287,0.392,0.1095,0.3754,0.3881,0.1525,0.4477,0.2014,0.1799,0.2463,0.3891
2020-06-03 10:41:04.171424,2.0124,0.3314,0.2454,0.3822,0.0762,0.3685,0.3529,0.1329,0.4506,0.219,0.1916,0.2766,0.4096
2020-06-03 10:41:04.265024,2.106,0.3118,0.2424,0.3881,0.0753,0.3646,0.3206,0.1339,0.4516,0.2493,0.2023,0.2825,0.4164
2020-06-03 10:41:04.374224,2.2152,0.0,0.0,0.393,0.1241,0.3666,0.3089,0.1163,0.4721,0.2991,0.2434,0.3343,0.4555
2020-06-03 10:41:04.467824,2.3088,0.0,0.0,0.4086,0.1339,0.3773,0.3079,0.0802,0.48,0.3431,0.2776,0.3509,0.4614
2020-06-03 10:41:04.561424,2.4024,0.2972,0.2366,0.4282,0.1369,0.393,0.306,0.0469,0.4027,0.2522,0.2287,0.2991,0.4154
2020-06-03 10:41:04.670624,2.5116,0.3363,0.2571,0.4282,0.1369,0.393,0.306,0.0469,0.3744,0.2326,0.2287,0.3021,0.4164
2020-06-03 10:41:04.764224,2.6052,0.4037,0.2776,0.4145,0.1056,0.3969,0.3627,0.0235,0.3675,0.1994,0.1955,0.3148,0.437
2020-06-03 10:41:04.873424,2.7144,0.434,0.2972,0.4057,0.0714,0.4291,0.4555,0.0,0.3275,0.0948,0.1662,0.3079,0.435
2020-06-03 10:41:04.967024,2.808,0.4164,0.2903,0.4047,0.0782,0.4291,0.4555,0.0,0.3275,0.0948,0.1662,0.3079,0.435
2020-06-03 10:41:05.060624,2.9016,0.2229,0.259,0.433,0.1701,0.4536,0.4712,0.0,0.2571,0.2014,0.2082,0.2991,0.4047
2020-06-03 10:41:05.169824,3.0108,0.1408,0.1466,0.4106,0.1427,0.4076,0.4008,0.0,0.3636,0.2874,0.2346,0.303,0.4047
2020-06-03 10:41:05.263424,3.1044,0.1232,0.1427,0.4018,0.1427,0.4076,0.4008,0.0,0.3636,0.2874,0.2346,0.303,0.4047
2020-06-03 10:41:05.372624,3.2136,0.1799,0.1789,0.39,0.1408,0.3988,0.3803,0.0,0.3597,0.2981,0.2346,0.263,0.3773
2020-06-03 10:41:05.466224,3.3072,0.1838,0.1828,0.3803,0.1124,0.3675,0.3548,0.0743,0.4135,0.3021,0.2395,0.3069,0.4233
2020-06-03 10:41:05.559824,3.4008,0.1623,0.1505,0.3773,0.1144,0.3675,0.3548,0.0743,0.4135,0.3021,0.2395,0.3069,0.4233
2020-06-03 10:41:05.669024,3.51,0.0,0.0,0.3861,0.1466,0.3763,0.3402,0.1417,0.4467,0.3451,0.2688,0.3402,0.4497
2020-06-03 10:41:05.762624,3.6036,0.0,0.0,0.3939,0.1535,0.3773,0.3568,0.1408,0.4467,0.3451,0.2688,0.3402,0.4497
2020-06-03 10:41:05.871824,3.7128,0.2864,0.2258,0.433,0.1584,0.4135,0.3617,0.0342,0.3861,0.3196,0.261,0.3245,0.433
2020-06-03 10:41:05.965424,3.8064,0.3431,0.259,0.4066,0.1505,0.4203,0.4066,0.0244,0.3832,0.2981,0.2366,0.3206,0.436
2020-06-03 10:41:06.074624,3.9156,0.3529,0.2639,0.4086,0.1505,0.4194,0.4194,0.0215,0.3783,0.2786,0.2366,0.3206,0.436
2020-06-03 10:41:06.168224,4.0092,0.4692,0.3333,0.4272,0.1369,0.4418,0.4477,0.0029,0.3333,0.1437,0.1642,0.2981,0.433
2020-06-03 10:41:06.261824,4.1028,0.4585,0.3275,0.4213,0.1007,0.4379,0.4389,0.0147,0.3353,0.1261,0.1476,0.2933,0.4145
2020-06-03 10:41:06.371024,4.212,0.4585,0.3275,0.4223,0.1046,0.4399,0.4389,0.0147,0.3353,0.1261,0.1476,0.2933,0.4145
2020-06-03 10:41:06.464624,4.3056,0.4262,0.3021,0.4379,0.1544,0.4448,0.4467,0.0,0.3128,0.1926,0.1887,0.2923,0.4008
2020-06-03 10:41:06.573824,4.4148,0.2639,0.2121,0.4066,0.1339,0.3842,0.3724,0.0,0.3734,0.3148,0.2346,0.262,0.3783
2020-06-03 10:41:06.667424,4.5084,0.2688,0.2229,0.4106,0.1339,0.3842,0.3724,0.0,0.3734,0.3148,0.2346,0.262,0.3783
2020-06-03 10:41:06.761024,4.602,0.1877,0.1906,0.3675,0.0508,0.3431,0.3284,0.0762,0.4174,0.3284,0.2454,0.3089,0.4242
2020-06-03 10:41:06.870224,4.7112,0.0,0.001,0.3363,0.0538,0.3578,0.3324,0.1457,0.4585,0.3548,0.2639,0.3412,0.4536
2020-06-03 10:41:06.963824,4.8048,0.0,0.0,0.349,0.0538,0.3578,0.3324,0.1457,0.4585,0.3548,0.2639,0.3412,0.4536
2020-06-03 10:41:07.073024,4.914,0.0469,0.1232,0.4457,0.1642,0.4164,0.3724,0.1701,0.4291,0.3891,0.2688,0.3245,0.4164
2020-06-03 10:41:07.166624,5.0076,0.3627,0.2825,0.4702,0.1769,0.433,0.3675,0.0831,0.3646,0.3128,0.2366,0.3001,0.4047
2020-06-03 10:41:07.260224,5.1012,0.3754,0.2737,0.4272,0.1173,0.4037,0.4047,0.0831,0.3812,0.3255,0.2385,0.3206,0.4262
2020-06-03 10:41:07.369424,5.2104,0.5308,0.3421,0.3372,0.0,0.4154,0.4633,0.13,0.4125,0.2502,0.1437,0.2698,0.392
2020-06-03 10:41:07.463024,5.304,0.5318,0.3421,0.3372,0.0,0.4154,0.4633,0.13,0.4125,0.2502,0.1232,0.2678,0.3891
2020-06-03 10:41:07.572224,5.4132,0.4673,0.3587,0.3969,0.0929,0.4448,0.4809,0.0,0.2405,0.0626,0.1202,0.2463,0.3695
2020-06-03 10:41:07.665824,5.5068,0.3138,0.218,0.3773,0.1241,0.433,0.4614,0.043,0.2913,0.0665,0.0899,0.2454,0.3636
2020-06-03 10:41:07.775024,5.616,0.261,0.2092,0.3773,0.1251,0.433,0.4614,0.043,0.2913,0.0665,0.0899,0.2454,0.3636
2020-06-03 10:41:07.868624,5.7096,0.1007,0.085,0.3324,0.1095,0.39,0.434,0.1554,0.4311,0.261,0.1584,0.2659,0.3842
2020-06-03 10:41:07.962224,5.8032,0.1848,0.1056,0.2688,0.0283,0.3421,0.3597,0.1691,0.4575,0.2835,0.1779,0.3245,0.4282
2020-06-03 10:41:08.071424,5.9124,0.1535,0.0997,0.2532,0.0283,0.3421,0.3597,0.1691,0.4575,0.2835,0.1779,0.3245,0.4282
2020-06-03 10:41:08.165024,6.006,0.0,0.0,0.3236,0.0508,0.3597,0.3431,0.2414,0.4897,0.3392,0.2219,0.348,0.4457
2020-06-03 10:41:08.274224,6.1152,0.1075,0.1544,0.391,0.0997,0.3978,0.3734,0.1408,0.4418,0.3431,0.2542,0.3382,0.4379
2020-06-03 10:41:08.367824,6.2088,0.176,0.1955,0.393,0.0997,0.3978,0.3734,0.1408,0.4418,0.3431,0.2542,0.3382,0.4379
2020-06-03 10:41:08.461424,6.3024,0.3695,0.2571,0.3871,0.1007,0.4037,0.4057,0.0479,0.3891,0.3226,0.2424,0.3196,0.4272
2020-06-03 10:41:08.570624,6.4116,0.3695,0.2639,0.392,0.1075,0.4076,0.4223,0.0538,0.3851,0.3226,0.2424,0.3196,0.4272
2020-06-03 10:41:08.664224,6.5052,0.3245,0.261,0.4076,0.1613,0.4428,0.4506,0.0929,0.3783,0.2434,0.1789,0.2893,0.4057
2020-06-03 10:41:08.773424,6.6144,0.2219,0.2561,0.4389,0.219,0.4409,0.4653,0.0,0.3109,0.1652,0.1975,0.2766,0.391
2020-06-03 10:41:08.867024,6.708,0.2043,0.2532,0.4409,0.219,0.4409,0.4653,0.0,0.3109,0.1652,0.1975,0.2766,0.391
2020-06-03 10:41:08.960624,6.8016,0.0489,0.1212,0.4213,0.218,0.4174,0.4252,0.0,0.305,0.2111,0.2151,0.2698,0.3851
2020-06-03 10:41:09.069824,6.9108,0.1046,0.13,0.4203,0.1945,0.4311,0.4428,0.0225,0.3558,0.2444,0.2219,0.263,0.3803
2020-06-03 10:41:09.163424,7.0044,0.1163,0.132,0.4203,0.1945,0.4311,0.4428,0.0225,0.3558,0.2444,0.2219,0.263,0.3803
2020-06-03 10:41:09.272624,7.1136,0.1241,0.1261,0.391,0.1369,0.4076,0.4321,0.0342,0.3255,0.2053,0.2023,0.2698,0.3881
2020-06-03 10:41:09.366224,7.2072,0.0,0.0,0.4242,0.1515,0.3969,0.3803,0.0733,0.3744,0.172,0.1984,0.3666,0.4643
2020-06-03 10:41:09.459824,7.3008,0.0,0.0,0.4242,0.1515,0.3969,0.3803,0.0733,0.3744,0.172,0.1984,0.3656,0.4614
2020-06-03 10:41:09.569024,7.41,0.4047,0.3157,0.4673,0.1945,0.4223,0.4399,0.0352,0.2854,0.0596,0.1828,0.3275,0.4242
2020-06-03 10:41:09.662624,7.5036,0.4125,0.3216,0.4663,0.1926,0.4242,0.4448,0.0352,0.2854,0.0596,0.1828,0.3275,0.4242
2020-06-03 10:41:09.771824,7.6128,0.3627,0.2952,0.4399,0.1916,0.4262,0.4467,0.0792,0.3431,0.1369,0.1486,0.2981,0.4145
2020-06-03 10:41:09.865424,7.7064,0.305,0.2884,0.4467,0.2141,0.4477,0.4604,0.0938,0.3587,0.1613,0.129,0.2805,0.4008
2020-06-03 10:41:09.974624,7.8156,0.305,0.2874,0.4487,0.216,0.4467,0.4643,0.0899,0.3587,0.1613,0.129,0.2805,0.4008
2020-06-03 10:41:10.068224,7.9092,0.1046,0.2248,0.4614,0.2326,0.4448,0.4585,0.0,0.2786,0.0938,0.1554,0.2845,0.4027
2020-06-03 10:41:10.161824,8.0028,0.0,0.1544,0.4731,0.2717,0.4291,0.4379,0.0,0.2747,0.1388,0.1818,0.2757,0.3939
2020-06-03 10:41:10.271024,8.112,0.0,0.1544,0.4741,0.2766,0.4272,0.4379,0.0,0.2747,0.1388,0.1818,0.2757,0.3939
2020-06-03 10:41:10.364624,8.2056,0.0391,0.1926,0.4663,0.2463,0.4213,0.4438,0.0,0.3069,0.1877,0.1945,0.2835,0.3959
2020-06-03 10:41:10.473824,8.3148,0.0968,0.175,0.4418,0.217,0.434,0.4633,0.0,0.3451,0.2151,0.2023,0.2952,0.4096
2020-06-03 10:41:10.567424,8.4084,0.0968,0.1877,0.4399,0.2141,0.437,0.4682,0.0039,0.3451,0.2151,0.2023,0.2952,0.4096
2020-06-03 10:41:10.661024,8.502,0.0,0.0743,0.4301,0.1476,0.4057,0.3734,0.1202,0.4409,0.3363,0.2678,0.3587,0.4594
2020-06-03 10:41:10.770224,8.6112,0.0,0.0645,0.4858,0.219,0.4027,0.3421,0.0049,0.3695,0.2991,0.2551,0.3353,0.436
2020-06-03 10:41:10.863824,8.7048,0.0704,0.1564,0.4888,0.219,0.4037,0.3421,0.0049,0.3695,0.2991,0.2551,0.3353,0.436
2020-06-03 10:41:10.973024,8.814,0.303,0.2669,0.4633,0.2082,0.4164,0.4379,0.0117,0.3529,0.2092,0.2082,0.3138,0.436
2020-06-03 10:41:11.066624,8.9076,0.4477,0.3206,0.4135,0.043,0.436,0.4624,0.0616,0.3353,0.0518,0.085,0.2942,0.4311
2020-06-03 10:41:11.160224,9.0012,0.4487,0.3216,0.4135,0.043,0.436,0.4624,0.0616,0.3353,0.0518,0.085,0.2942,0.4311
2020-06-03 10:41:11.269424,9.1104,0.4409,0.3089,0.3998,0.0391,0.4487,0.4702,0.0,0.304,0.0606,0.1241,0.2737,0.3969
2020-06-03 10:41:11.363024,9.204,0.1945,0.172,0.393,0.1153,0.4203,0.4409,0.0479,0.3353,0.1281,0.1378,0.2815,0.3978
2020-06-03 10:41:11.472224,9.3132,0.1877,0.1691,0.393,0.1153,0.4203,0.4409,0.0479,0.3353,0.1281,0.1378,0.2815,0.3978
2020-06-03 10:41:11.565824,9.4068,0.1857,0.1339,0.35,0.0684,0.3783,0.3891,0.0,0.3666,0.261,0.2151,0.2884,0.4125
2020-06-03 10:41:11.675024,9.516,0.0518,0.0,0.3421,0.0733,0.3627,0.3539,0.0528,0.4018,0.3187,0.263,0.3382,0.4565
2020-06-03 10:41:11.768624,9.6096,0.0489,0.0,0.3421,0.0733,0.3627,0.3539,0.0528,0.4018,0.3187,0.263,0.3382,0.4565
2020-06-03 10:41:11.862224,9.7032,0.3236,0.1769,0.3587,0.0,0.2962,0.1486,0.1378,0.4536,0.3089,0.2473,0.3392,0.4545
2020-06-03 10:41:11.971424,9.8124,0.3675,0.2102,0.3587,0.0,0.2962,0.1486,0.1378,0.4536,0.3089,0.2473,0.3392,0.4545
2020-06-03 10:41:12.065024,9.906,0.4751,0.3079,0.3851,0.0,0.2933,0.0665,0.0401,0.3793,0.2571,0.2395,0.3079,0.4379
2020-06-03 10:41:12.174224,10.0152,0.5122,0.3245,0.3695,0.0323,0.3226,0.1877,0.0137,0.3744,0.2688,0.2307,0.3089,0.4262
2020-06-03 10:41:12.267824,10.1088,0.5191,0.3284,0.3773,0.0518,0.3226,0.1877,0.0137,0.3744,0.2688,0.2307,0.3089,0.4262
2020-06-03 10:41:12.361424,10.2024,0.4643,0.3304,0.3988,0.0938,0.4027,0.3734,0.0264,0.347,0.173,0.1642,0.2884,0.4164
2020-06-03 10:41:12.470624,10.3116,0.4047,0.2923,0.4018,0.1212,0.4291,0.39,0.0,0.219,0.1007,0.2033,0.2688,0.3969
2020-06-03 10:41:12.564224,10.4052,0.3891,0.2923,0.3998,0.1241,0.4291,0.39,0.0,0.219,0.1007,0.2033,0.2688,0.3969
2020-06-03 10:41:12.673424,10.5144,0.1486,0.1711,0.3656,0.1329,0.3998,0.3949,0.0,0.3539,0.2571,0.2307,0.2962,0.4213
2020-06-03 10:41:12.767024,10.608,0.259,0.2346,0.3666,0.1105,0.4018,0.3871,0.0176,0.3998,0.3079,0.2522,0.2854,0.4086
2020-06-03 10:41:12.876224,10.7172,0.2678,0.2424,0.3597,0.1144,0.4096,0.3998,0.0469,0.4106,0.3099,0.2561,0.2884,0.4096
2020-06-03 10:41:12.969824,10.8108,0.2512,0.2326,0.3597,0.1173,0.4106,0.4106,0.0987,0.4448,0.3216,0.2551,0.3021,0.4233
2020-06-03 10:41:13.063424,10.9044,0.2512,0.2326,0.3597,0.1183,0.4086,0.4076,0.0987,0.4448,0.3216,0.2551,0.3021,0.4233
2020-06-03 10:41:13.172624,11.0136,0.0694,0.1466,0.39,0.1339,0.3832,0.305,0.1623,0.4839,0.3021,0.2502,0.3519,0.4633
2020-06-03 10:41:13.266224,11.1072,0.4526,0.3314,0.4223,0.1251,0.4213,0.349,0.0,0.3607,0.3187,0.2757,0.3157,0.4184
2020-06-03 10:41:13.359824,11.2008,0.4663,0.35,0.4282,0.1261,0.4272,0.349,0.0,0.3607,0.3187,0.2757,0.3157,0.4184
2020-06-03 10:41:13.469024,11.31,0.4389,0.3265,0.3959,0.087,0.4262,0.433,0.0557,0.3539,0.2082,0.1828,0.2952,0.4154
2020-06-03 10:41:13.562624,11.4036,0.4614,0.35,0.4145,0.1173,0.4487,0.4673,0.0704,0.3226,0.0782,0.1114,0.2786,0.4076
2020-06-03 10:41:13.671824,11.5128,0.4624,0.3509,0.4154,0.1173,0.4487,0.4673,0.0704,0.3226,0.0782,0.1114,0.2786,0.4076
2020-06-03 10:41:13.765424,11.6064,0.4145,0.3226,0.4242,0.1535,0.4457,0.4653,0.0401,0.2815,0.0616,0.1056,0.2639,0.3949
2020-06-03 10:41:13.874624,11.7156,0.219,0.2473,0.4242,0.1828,0.4242,0.433,0.0,0.3558,0.2864,0.2434,0.2962,0.4184
2020-06-03 10:41:13.968224,11.8092,0.1935,0.2366,0.4164,0.1828,0.4242,0.433,0.0,0.3558,0.2864,0.2434,0.2962,0.4184
2020-06-03 10:41:14.061824,11.9028,0.2776,0.2385,0.3812,0.0938,0.3959,0.4066,0.0,0.3441,0.3128,0.2766,0.2952,0.4154
2020-06-03 10:41:14.171024,12.012,0.3226,0.2542,0.3822,0.0762,0.392,0.4037,0.0,0.3548,0.305,0.2717,0.2972,0.4125
2020-06-03 10:41:14.264624,12.1056,0.1935,0.216,0.3597,0.0469,0.3705,0.3803,0.0792,0.4311,0.3284,0.2424,0.3402,0.4477
2020-06-03 10:41:14.373824,12.2148,0.0762,0.132,0.3851,0.0909,0.3783,0.3275,0.1457,0.4565,0.3607,0.2717,0.3675,0.4653
2020-06-03 10:41:14.467424,12.3084,0.0899,0.1603,0.3939,0.1026,0.3783,0.3275,0.1457,0.4565,0.3607,0.2717,0.3675,0.4653
2020-06-03 10:41:14.561024,12.402,0.393,0.3079,0.4536,0.1632,0.3851,0.2551,0.1144,0.4184,0.3304,0.2561,0.3304,0.433
2020-06-03 10:41:14.670224,12.5112,0.4262,0.3138,0.4272,0.1222,0.3978,0.3783,0.0381,0.3421,0.2786,0.2268,0.3196,0.4301
2020-06-03 10:41:14.763824,12.6048,0.4242,0.3099,0.4233,0.1222,0.3978,0.3783,0.0381,0.3421,0.2786,0.2268,0.3196,0.4301
2020-06-03 10:41:14.873024,12.714,0.3881,0.3314,0.433,0.1417,0.4457,0.4418,0.0674,0.3724,0.1965,0.1437,0.3021,0.4174
2020-06-03 10:41:14.966624,12.8076,0.2972,0.2972,0.4467,0.1926,0.4624,0.4604,0.0,0.303,0.1202,0.1955,0.2893,0.3969
2020-06-03 10:41:15.060224,12.9012,0.2688,0.2874,0.4457,0.1926,0.4624,0.4604,0.0,0.303,0.1202,0.1955,0.2893,0.3969
2020-06-03 10:41:15.169424,13.0104,0.044,0.1496,0.4311,0.2131,0.433,0.4604,0.0635,0.347,0.1212,0.1535,0.2522,0.3675
2020-06-03 10:41:15.263024,13.104,0.044,0.1496,0.4311,0.2131,0.433,0.4604,0.0635,0.3627,0.1427,0.1564,0.2512,0.3675
2020-06-03 10:41:15.372224,13.2132,0.1779,0.1818,0.3734,0.0919,0.3763,0.4213,0.2023,0.4506,0.262,0.1701,0.2581,0.3793
2020-06-03 10:41:15.465824,13.3068,0.1906,0.1965,0.392,0.1026,0.3656,0.346,0.2248,0.4966,0.3294,0.2092,0.3343,0.4409
2020-06-03 10:41:15.575024,13.416,0.1026,0.1515,0.3939,0.1026,0.3656,0.346,0.2248,0.4966,0.3294,0.2092,0.3343,0.4409
2020-06-03 10:41:15.668624,13.5096,0.0,0.0,0.4203,0.1828,0.39,0.3216,0.2209,0.5112,0.3314,0.2483,0.3382,0.4457
2020-06-03 10:41:15.762224,13.6032,0.1271,0.2063,0.4037,0.1535,0.348,0.2796,0.0606,0.3724,0.1779,0.2199,0.303,0.4223
2020-06-03 10:41:15.871424,13.7124,0.1701,0.2297,0.4037,0.1535,0.348,0.2796,0.0606,0.3724,0.1779,0.2199,0.303,0.4223
2020-06-03 10:41:15.965024,13.806,0.3715,0.305,0.4076,0.1398,0.4076,0.4194,0.0518,0.3451,0.1975,0.1906,0.2884,0.4066
2020-06-03 10:41:16.074224,13.9152,0.3978,0.3255,0.4027,0.1457,0.4575,0.4624,0.0743,0.3519,0.1769,0.1554,0.2776,0.3949
2020-06-03 10:41:16.167824,14.0088,0.2375,0.2737,0.3988,0.1564,0.4761,0.4712,0.0274,0.3324,0.1623,0.172,0.2796,0.3949
2020-06-03 10:41:16.261424,14.1024,0.1408,0.219,0.4154,0.217,0.4761,0.4682,0.0,0.2561,0.1867,0.1975,0.2717,0.39
2020-06-03 10:41:16.370624,14.2116,0.1251,0.217,0.4086,0.217,0.4761,0.4682,0.0,0.2561,0.1867,0.1975,0.2717,0.39
2020-06-03 10:41:16.464224,14.3052,0.1036,0.1808,0.4037,0.176,0.4418,0.4516,0.0,0.3548,0.2854,0.2258,0.2913,0.4018
2020-06-03 10:41:16.573424,14.4144,0.1222,0.1701,0.393,0.1632,0.4164,0.4301,0.0587,0.3695,0.2893,0.2219,0.305,0.4164
2020-06-03 10:41:16.667024,14.508,0.1329,0.174,0.3949,0.1632,0.4164,0.4301,0.0587,0.3695,0.2893,0.2219,0.305,0.4164
2020-06-03 10:41:16.760624,14.6016,0.0499,0.1241,0.4047,0.1799,0.4145,0.3939,0.1447,0.4262,0.1642,0.1808,0.3597,0.4702
2020-06-03 10:41:16.869824,14.7108,0.0059,0.1251,0.4321,0.2092,0.4096,0.3157,0.0948,0.4018,0.1789,0.1994,0.3451,0.4604
2020-06-03 10:41:16.963424,14.8044,0.044,0.1515,0.4321,0.2092,0.4096,0.3157,0.0948,0.4018,0.1789,0.1994,0.3451,0.4604
2020-06-03 10:41:17.072624,14.9136,0.3646,0.2845,0.4555,0.1945,0.4174,0.3832,0.0821,0.3822,0.2434,0.2268,0.3363,0.4536
2020-06-03 10:41:17.166224,15.0072,0.3978,0.304,0.4448,0.1955,0.4242,0.4555,0.0948,0.3773,0.2229,0.2033,0.3128,0.433
2020-06-03 10:41:17.259824,15.1008,0.3969,0.304,0.4448,0.1955,0.4242,0.4555,0.0948,0.3773,0.2229,0.2033,0.3128,0.433
2020-06-03 10:41:17.369024,15.21,0.3861,0.3069,0.4428,0.2121,0.4585,0.4761,0.0,0.2581,0.0782,0.174,0.2805,0.4115
2020-06-03 10:41:17.462624,15.3036,0.3734,0.304,0.4438,0.216,0.4624,0.4761,0.0,0.2581,0.0782,0.174,0.2805,0.4115
2020-06-03 10:41:17.571824,15.4128,0.2815,0.2483,0.4223,0.1877,0.437,0.4506,0.0,0.2708,0.1681,0.2131,0.2825,0.4047
2020-06-03 10:41:17.665424,15.5064,0.1525,0.1457,0.3988,0.1525,0.4086,0.4184,0.0,0.3803,0.306,0.2366,0.2962,0.4125
2020-06-03 10:41:17.774624,15.6156,0.1613,0.1642,0.4008,0.1544,0.4125,0.4213,0.0,0.3754,0.3109,0.2502,0.2962,0.4076
2020-06-03 10:41:17.868224,15.7092,0.1466,0.1652,0.4086,0.1691,0.3783,0.3715,0.0225,0.3822,0.2835,0.2473,0.3216,0.435
2020-06-03 10:41:17.961824,15.8028,0.1417,0.1593,0.4066,0.1691,0.3783,0.3715,0.0225,0.3822,0.2835,0.2473,0.3216,0.435
2020-06-03 10:41:18.071024,15.912,0.1525,0.1701,0.3793,0.044,0.3128,0.2375,0.0968,0.436,0.3372,0.2776,0.3578,0.4633
2020-06-03 10:41:18.164624,16.0056,0.1378,0.2033,0.435,0.0899,0.3578,0.2023,0.086,0.3988,0.2981,0.2678,0.3392,0.4516
2020-06-03 10:41:18.273824,16.1148,0.1681,0.2326,0.4506,0.0899,0.3578,0.2023,0.086,0.3988,0.2981,0.2678,0.3392,0.4516
2020-06-03 10:41:18.367424,16.2084,0.4135,0.3148,0.4633,0.1183,0.3969,0.2268,0.0,0.3441,0.2317,0.2688,0.3314,0.4497
2020-06-03 10:41:18.461024,16.302,0.4115,0.303,0.4497,0.1144,0.3939,0.2757,0.0,0.3441,0.2317,0.2688,0.3314,0.4497
2020-06-03 10:41:18.570224,16.4112,0.4682,0.3255,0.4213,0.0645,0.4213,0.4203,0.0479,0.3636,0.2131,0.1896,0.2991,0.4203
2020-06-03 10:41:18.663824,16.5048,0.4096,0.3069,0.4301,0.1134,0.4438,0.4457,0.0,0.3099,0.2297,0.1877,0.2972,0.4164
2020-06-03 10:41:18.773024,16.614,0.1202,0.175,0.4448,0.1906,0.436,0.4487,0.0,0.0459,0.2199,0.2014,0.2151,0.3353
2020-06-03 10:41:18.866624,16.7076,0.1134,0.1447,0.4448,0.1906,0.436,0.4487,0.0,0.0459,0.2199,0.2014,0.2151,0.3265
2020-06-03 10:41:18.960224,16.8012,0.2239,0.1867,0.3978,0.0782,0.4076,0.4301,0.0362,0.3402,0.2933,0.2092,0.2717,0.3842
2020-06-03 10:41:19.069424,16.9104,0.2346,0.1906,0.3978,0.0782,0.4076,0.4301,0.0362,0.3402,0.2933,0.2092,0.2717,0.3842
2020-06-03 10:41:19.163024,17.004,0.3275,0.2512,0.391,0.0557,0.3529,0.3382,0.0655,0.4096,0.3128,0.2375,0.3314,0.435
2020-06-03 10:41:19.272224,17.1132,0.1574,0.1691,0.4027,0.0743,0.3597,0.2708,0.0792,0.4712,0.3519,0.2786,0.3773,0.4809
2020-06-03 10:41:19.365824,17.2068,0.1281,0.1496,0.4047,0.0743,0.3597,0.2708,0.0792,0.4712,0.3519,0.2786,0.3773,0.4809
2020-06-03 10:41:19.475024,17.316,0.2268,0.2473,0.4223,0.1202,0.4057,0.3245,0.0665,0.4184,0.346,0.2805,0.3333,0.437
2020-06-03 10:41:19.568624,17.4096,0.2248,0.2532,0.4389,0.1584,0.4174,0.3587,0.0264,0.3861,0.3548,0.2717,0.3265,0.4301
2020-06-03 10:41:19.662224,17.5032,0.2004,0.2493,0.4301,0.1584,0.4174,0.3587,0.0264,0.3861,0.3548,0.2717,0.3265,0.4301
2020-06-03 10:41:19.771424,17.6124,0.2698,0.2571,0.4311,0.1554,0.4272,0.4233,0.0518,0.3842,0.3245,0.2219,0.3089,0.4194
2020-06-03 10:41:19.865024,17.706,0.2698,0.2571,0.4311,0.1554,0.4272,0.4233,0.0821,0.3783,0.306,0.2111,0.305,0.4174
2020-06-03 10:41:19.974224,17.8152,0.0,0.1281,0.4604,0.2405,0.4497,0.4497,0.0,0.2336,0.0635,0.1828,0.261,0.3881
2020-06-03 10:41:20.067824,17.9088,0.0938,0.1515,0.4184,0.1466,0.4282,0.4233,0.0,0.2493,0.1153,0.1887,0.2669,0.3891
2020-06-03 10:41:20.161424,18.0024,0.0704,0.129,0.4047,0.1359,0.4252,0.4233,0.0,0.2757,0.1427,0.1887,0.2669,0.3891
2020-06-03 10:41:20.270624,18.1116,0.1036,0.1466,0.4086,0.1486,0.4066,0.4027,0.0,0.3763,0.2854,0.2542,0.304,0.4184
2020-06-03 10:41:20.364224,18.2052,0.1515,0.1525,0.3715,0.0958,0.3881,0.4018,0.0626,0.4194,0.2981,0.2551,0.3412,0.4487
2020-06-03 10:41:20.473424,18.3144,0.1535,0.1417,0.3617,0.0958,0.3881,0.4018,0.0626,0.4194,0.2981,0.2551,0.3412,0.4487
2020-06-03 10:41:20.567024,18.408,0.0,0.0,0.3275,0.0782,0.3949,0.3656,0.1339,0.4809,0.2952,0.259,0.3558,0.4731
2020-06-03 10:41:20.660624,18.5016,0.129,0.1818,0.4115,0.1359,0.4282,0.39,0.1017,0.4164,0.2581,0.2454,0.3187,0.436
2020-06-03 10:41:20.769824,18.6108,0.2532,0.2375,0.4233,0.1359,0.4282,0.39,0.1017,0.4164,0.2581,0.2454,0.3187,0.436
2020-06-03 10:41:20.863424,18.7044,0.3773,0.2854,0.4008,0.1417,0.4418,0.4418,0.086,0.4125,0.3099,0.2346,0.3304,0.4301
2020-06-03 10:41:20.972624,18.8136,0.4888,0.3421,0.3812,0.0547,0.4575,0.4721,0.0899,0.3715,0.2102,0.1466,0.2972,0.4184
2020-06-03 10:41:21.066224,18.9072,0.5005,0.3509,0.3812,0.0547,0.4575,0.4721,0.0899,0.3715,0.2102,0.1466,0.2972,0.4184
2020-06-03 10:41:21.159824,19.0008,0.5064,0.3568,0.3627,0.0,0.4477,0.4604,0.0792,0.3284,0.1105,0.1153,0.2698,0.3891
2020-06-03 10:41:21.269024,19.11,0.3265,0.2258,0.3842,0.0841,0.4262,0.4477,0.0,0.2893,0.2493,0.2023,0.26,0.3695
2020-06-03 10:41:21.362624,19.2036,0.2688,0.2063,0.3842,0.0841,0.4262,0.4477,0.0,0.3343,0.2669,0.2141,0.263,0.3724
2020-06-03 10:41:21.471824,19.3128,0.1476,0.1623,0.3998,0.1554,0.4154,0.4223,0.0,0.3539,0.2991,0.2542,0.2669,0.3871
2020-06-03 10:41:21.565424,19.4064,0.1662,0.1808,0.4086,0.1535,0.3978,0.4223,0.0,0.3539,0.2991,0.2542,0.2669,0.3871
2020-06-03 10:41:21.674624,19.5156,0.175,0.172,0.3891,0.087,0.3587,0.3509,0.1007,0.436,0.2336,0.2287,0.347,0.4536
2020-06-03 10:41:21.768224,19.6092,0.0,0.0,0.3597,0.0762,0.3744,0.3372,0.1437,0.4545,0.3128,0.2502,0.3587,0.4594
2020-06-03 10:41:21.861824,19.7028,0.0,0.0,0.3666,0.0782,0.3744,0.3372,0.1437,0.4545,0.3128,0.2502,0.3587,0.4594
2020-06-03 10:41:21.971024,19.812,0.2405,0.2326,0.4262,0.1457,0.4223,0.3939,0.0381,0.3519,0.1026,0.2346,0.3177,0.4321
2020-06-03 10:41:22.064624,19.9056,0.3099,0.2512,0.4321,0.1515,0.4252,0.3763,0.0381,0.3519,0.1026,0.2346,0.3177,0.4321
2020-06-03 10:41:22.173824,20.0148,0.436,0.303,0.3891,0.086,0.4311,0.4506,0.0811,0.3656,0.0704,0.1769,0.3187,0.4282
2020-06-03 10:41:22.267424,20.1084,0.4409,0.3236,0.4076,0.1359,0.4536,0.4536,0.0283,0.3539,0.0987,0.1486,0.2933,0.4125
2020-06-03 10:41:22.361024,20.202,0.4262,0.3196,0.4096,0.1359,0.4536,0.4536,0.0283,0.3539,0.0987,0.1486,0.2933,0.4125
2020-06-03 10:41:22.470224,20.3112,0.3109,0.2659,0.4194,0.1916,0.4673,0.4848,0.0,0.3167,0.1603,0.1926,0.2845,0.4008
2020-06-03 10:41:22.563824,20.4048,0.042,0.1378,0.4037,0.1916,0.434,0.4594,0.0802,0.4467,0.2688,0.217,0.3069,0.4203
2020-06-03 10:41:22.673024,20.514,0.0459,0.1613,0.4037,0.1926,0.434,0.4594,0.0802,0.4467,0.2688,0.217,0.3069,0.4203
2020-06-03 10:41:22.766624,20.6076,0.2346,0.2043,0.4076,0.1505,0.3988,0.392,0.0802,0.4457,0.2933,0.2375,0.3343,0.4389
2020-06-03 10:41:22.860224,20.7012,0.1857,0.1496,0.3294,0.0332,0.348,0.3245,0.2043,0.5005,0.2913,0.2307,0.3617,0.4643
2020-06-03 10:41:22.969424,20.8104,0.1945,0.1652,0.3343,0.0332,0.348,0.3245,0.2043,0.5005,0.2913,0.2307,0.3617,0.4643
2020-06-03 10:41:23.063024,20.904,0.1564,0.1828,0.3939,0.0684,0.3822,0.3412,0.0909,0.4614,0.3236,0.2649,0.349,0.4487
2020-06-03 10:41:23.172224,21.0132,0.4282,0.3138,0.4604,0.1554,0.4066,0.2639,0.0,0.3578,0.2678,0.2698,0.3275,0.433
2020-06-03 10:41:23.265824,21.1068,0.4076,0.2933,0.4545,0.1486,0.4027,0.2639,0.0,0.3578,0.2678,0.2698,0.3275,0.433
2020-06-03 10:41:23.375024,21.216,0.4467,0.2678,0.4174,0.088,0.4203,0.3851,0.0,0.3646,0.1877,0.216,0.3167,0.437
2020-06-03 10:41:23.468624,21.3096,0.4614,0.2903,0.4125,0.0743,0.4399,0.4174,0.0665,0.3715,0.1652,0.1857,0.3011,0.4184
2020-06-03 10:41:23.562224,21.4032,0.4536,0.2884,0.4164,0.0743,0.4399,0.4203,0.0655,0.3734,0.1789,0.1848,0.3001,0.4115
2020-06-03 10:41:23.671424,21.5124,0.3167,0.2512,0.4448,0.1818,0.4409,0.4272,0.0254,0.3734,0.2366,0.2141,0.303,0.4086
2020-06-03 10:41:23.765024,21.606,0.2913,0.2483,0.4448,0.1867,0.4409,0.4272,0.0254,0.3734,0.2366,0.2141,0.303,0.4086
2020-06-03 10:41:23.874224,21.7152,0.2581,0.2268,0.4057,0.1359,0.436,0.4418,0.0577,0.4106,0.304,0.2424,0.2933,0.3978
2020-06-03 10:41:23.967824,21.8088,0.3011,0.2297,0.3803,0.0772,0.3978,0.4027,0.0,0.4047,0.3177,0.2542,0.306,0.4154
2020-06-03 10:41:24.061424,21.9024,0.2981,0.2317,0.3832,0.0772,0.3978,0.4027,0.0,0.4047,0.3177,0.2542,0.306,0.4154
2020-06-03 10:41:24.170624,22.0116,0.0254,0.1232,0.4086,0.1349,0.4164,0.3558,0.1222,0.4516,0.3255,0.2551,0.3558,0.4575
2020-06-03 10:41:24.264224,22.1052,0.0254,0.0821,0.4086,0.1359,0.4164,0.3558,0.1222,0.4516,0.3255,0.2551,0.3558,0.4575
2020-06-03 10:41:24.373424,22.2144,0.3304,0.2366,0.433,0.1427,0.4076,0.2845,0.0841,0.3881,0.3177,0.262,0.3314,0.4321
2020-06-03 10:41:24.467024,22.308,0.3431,0.2375,0.3881,0.1026,0.3803,0.3128,0.0,0.3627,0.2893,0.2551,0.3284,0.433
2020-06-03 10:41:24.560624,22.4016,0.3265,0.2366,0.3812,0.1026,0.3803,0.3128,0.0,0.3627,0.2893,0.2551,0.3284,0.433
2020-06-03 10:41:24.669824,22.5108,0.3695,0.2542,0.3949,0.1261,0.4242,0.435,0.0587,0.348,0.0626,0.1437,0.3128,0.4301
2020-06-03 10:41:24.763424,22.6044,0.1926,0.2434,0.4379,0.2004,0.4457,0.4448,0.0,0.3138,0.1378,0.1789,0.3021,0.4076
2020-06-03 10:41:24.872624,22.7136,0.1672,0.2346,0.4409,0.2004,0.4457,0.4448,0.0,0.3138,0.1378,0.1789,0.3021,0.4076
2020-06-03 10:41:24.966224,22.8072,0.0792,0.1369,0.4233,0.2082,0.4301,0.435,0.0,0.3509,0.2121,0.2043,0.3021,0.3978
2020-06-03 10:41:25.059824,22.9008,0.1593,0.1623,0.4057,0.1711,0.4321,0.4555,0.0655,0.3861,0.2649,0.218,0.2933,0.3988
2020-06-03 10:41:25.169024,23.01,0.1632,0.1623,0.3949,0.1486,0.4233,0.4457,0.0587,0.3812,0.2649,0.2209,0.2972,0.4057
2020-06-03 10:41:25.262624,23.1036,0.2014,0.1799,0.3812,0.1173,0.3793,0.3822,0.0714,0.4223,0.2952,0.2502,0.347,0.4545
2020-06-03 10:41:25.371824,23.2128,0.1144,0.1369,0.3715,0.0762,0.3734,0.3372,0.0743,0.4399,0.3177,0.2805,0.3627,0.4663
2020-06-03 10:41:25.465424,23.3064,0.1105,0.1388,0.3744,0.0635,0.3763,0.305,0.1046,0.4448,0.3265,0.2747,0.3656,0.4663
2020-06-03 10:41:25.574624,23.4156,0.3656,0.2571,0.4223,0.1271,0.4106,0.3167,0.0899,0.393,0.2688,0.2434,0.3167,0.433
2020-06-03 10:41:25.668224,23.5092,0.4115,0.2805,0.4282,0.1281,0.4135,0.3167,0.0899,0.393,0.2688,0.2434,0.3167,0.433
2020-06-03 10:41:25.761824,23.6028,0.4809,0.3705,0.4115,0.1222,0.4184,0.4262,0.0587,0.3705,0.2424,0.2248,0.3118,0.4272
2020-06-03 10:41:25.871024,23.712,0.4379,0.3617,0.437,0.2023,0.4555,0.4702,0.0616,0.3548,0.2072,0.174,0.305,0.4223
2020-06-03 10:41:25.964624,23.8056,0.437,0.3597,0.4399,0.2023,0.4555,0.4702,0.0616,0.3548,0.2072,0.174,0.305,0.4223
2020-06-03 10:41:26.073824,23.9148,0.4585,0.3431,0.4506,0.1779,0.4409,0.4262,0.0,0.3206,0.2053,0.1955,0.3011,0.4086
2020-06-03 10:41:26.167424,24.0084,0.3157,0.2307,0.4096,0.1349,0.3607,0.3255,0.0508,0.3744,0.2678,0.2151,0.3167,0.4145
2020-06-03 10:41:26.261024,24.102,0.2854,0.2209,0.4086,0.1349,0.3607,0.3255,0.0508,0.3744,0.2678,0.2151,0.3167,0.4145
2020-06-03 10:41:26.370224,24.2112,0.2346,0.2307,0.4174,0.1574,0.4194,0.4066,0.0362,0.3842,0.3021,0.2326,0.303,0.4027
2020-06-03 10:41:26.463824,24.3048,0.218,0.2346,0.4174,0.1574,0.4194,0.4066,0.0362,0.3842,0.3021,0.2326,0.303,0.4027
2020-06-03 10:41:26.573024,24.414,0.1984,0.2356,0.4164,0.1701,0.4233,0.4154,0.0,0.3754,0.2991,0.2375,0.3138,0.4154
2020-06-03 10:41:26.666624,24.5076,0.0469,0.088,0.3959,0.1584,0.3978,0.3548,0.1437,0.4438,0.3363,0.2473,0.3646,0.4614
2020-06-03 10:41:26.760224,24.6012,0.0469,0.0753,0.3969,0.1535,0.3978,0.3548,0.1437,0.4438,0.3363,0.2473,0.3646,0.4614
2020-06-03 10:41:26.869424,24.7104,0.0714,0.1388,0.4096,0.1496,0.39,0.2385,0.1349,0.3978,0.3177,0.2229,0.3343,0.4242
2020-06-03 10:41:26.963024,24.804,0.1398,0.174,0.4194,0.1496,0.39,0.2385,0.1349,0.3978,0.3177,0.2229,0.3275,0.4203
2020-06-03 10:41:27.072224,24.9132,0.3578,0.2434,0.4037,0.0948,0.4018,0.4057,0.0596,0.3675,0.2913,0.2346,0.3236,0.4252
2020-06-03 10:41:27.165824,25.0068,0.3578,0.2542,0.4203,0.1525,0.4536,0.479,0.0684,0.3578,0.2063,0.1417,0.3157,0.4262
2020-06-03 10:41:27.275024,25.116,0.3441,0.2532,0.4213,0.1525,0.4536,0.479,0.0684,0.3578,0.2063,0.1417,0.3157,0.4262
2020-06-03 10:41:27.368624,25.2096,0.1457,0.2336,0.4477,0.2424,0.4692,0.478,0.0,0.3148,0.2023,0.1955,0.303,0.4096
2020-06-03 10:41:27.462224,25.3032,0.1867,0.216,0.4106,0.1574,0.4282,0.4301,0.0616,0.4262,0.2933,0.2287,0.35,0.4487
2020-06-03 10:41:27.571424,25.4124,0.1955,0.217,0.4106,0.1574,0.4282,0.4301,0.0616,0.4262,0.2933,0.2287,0.35,0.4487
2020-06-03 10:41:27.665024,25.506,0.2043,0.1945,0.3871,0.1349,0.4262,0.4428,0.0802,0.4389,0.3167,0.2336,0.349,0.4428
2020-06-03 10:41:27.774224,25.6152,0.2864,0.2219,0.3724,0.0635,0.3842,0.4066,0.0733,0.4282,0.3157,0.2297,0.3548,0.4516
2020-06-03 10:41:27.867824,25.7088,0.2414,0.2199,0.3763,0.0606,0.3891,0.3783,0.1046,0.434,0.3118,0.2258,0.3675,0.4585
2020-06-03 10:41:27.961424,25.8024,0.1026,0.1417,0.3939,0.0987,0.392,0.3402,0.1232,0.4712,0.3578,0.2825,0.3861,0.4692
2020-06-03 10:41:28.070624,25.9116,0.0723,0.1378,0.3978,0.1095,0.392,0.3402,0.1232,0.4712,0.3578,0.2825,0.3861,0.4692
2020-06-03 10:41:28.164224,26.0052,0.175,0.2219,0.4389,0.217,0.4184,0.3558,0.0235,0.3793,0.2747,0.2698,0.3284,0.4282
2020-06-03 10:41:28.273424,26.1144,0.3284,0.2473,0.4213,0.1486,0.4233,0.4125,0.0,0.3617,0.306,0.2893,0.3255,0.4252
2020-06-03 10:41:28.367024,26.208,0.3275,0.2483,0.4174,0.1486,0.4233,0.4125,0.0,0.3617,0.306,0.2893,0.3255,0.4252
2020-06-03 10:41:28.460624,26.3016,0.3206,0.2678,0.437,0.1642,0.4379,0.437,0.0587,0.3675,0.2287,0.218,0.2981,0.4057
2020-06-03 10:41:28.569824,26.4108,0.3118,0.2551,0.4311,0.1681,0.4438,0.4291,0.0,0.2493,0.0606,0.1828,0.2678,0.391
2020-06-03 10:41:28.663424,26.5044,0.3275,0.259,0.4321,0.1681,0.4438,0.4291,0.0,0.2493,0.0606,0.1828,0.2678,0.391
2020-06-03 10:41:28.772624,26.6136,0.216,0.2229,0.4223,0.175,0.4379,0.437,0.0,0.3138,0.1828,0.1975,0.2825,0.3959
2020-06-03 10:41:28.866224,26.7072,0.1926,0.2102,0.4184,0.175,0.4379,0.437,0.0,0.3138,0.1828,0.1975,0.2825,0.3959
2020-06-03 10:41:28.959824,26.8008,0.2092,0.1916,0.3803,0.0743,0.3978,0.3783,0.0547,0.4066,0.3001,0.2463,0.305,0.4174
2020-06-03 10:41:29.069024,26.91,0.2512,0.2248,0.3881,0.0684,0.3812,0.3607,0.0978,0.4409,0.2913,0.2512,0.3568,0.4643
2020-06-03 10:41:29.162624,27.0036,0.2258,0.217,0.391,0.0714,0.3861,0.3607,0.0978,0.4409,0.2913,0.2512,0.3568,0.4643
2020-06-03 10:41:29.271824,27.1128,0.0469,0.1114,0.4027,0.1007,0.3822,0.2952,0.1789,0.4692,0.0401,0.1486,0.3548,0.4809
2020-06-03 10:41:29.365424,27.2064,0.3304,0.2551,0.4448,0.1124,0.3666,0.2043,0.0841,0.3812,0.0499,0.1867,0.3284,0.4575
2020-06-03 10:41:29.474624,27.3156,0.3871,0.2766,0.4497,0.1124,0.3666,0.2043,0.0841,0.3812,0.0499,0.1867,0.3284,0.4575
2020-06-03 10:41:29.568224,27.4092,0.4115,0.2805,0.4497,0.1417,0.4223,0.4301,0.0,0.3236,0.1984,0.2502,0.3275,0.4467
2020-06-03 10:41:29.661824,27.5028,0.4233,0.3001,0.4536,0.1544,0.4477,0.4516,0.0547,0.3314,0.1369,0.1877,0.2952,0.4233
2020-06-03 10:41:29.771024,27.612,0.4154,0.2981,0.4536,0.1544,0.4477,0.4516,0.0547,0.3314,0.1369,0.1877,0.2913,0.4194
2020-06-03 10:41:29.864624,27.7056,0.2326,0.2493,0.4633,0.1838,0.435,0.4457,0.0,0.1085,0.0469,0.1232,0.2092,0.3372
2020-06-03 10:41:29.973824,27.8148,0.1515,0.1975,0.4585,0.1984,0.436,0.4448,0.0,0.1564,0.0459,0.1134,0.2092,0.3333
2020-06-03 10:41:30.067424,27.9084,0.1271,0.1457,0.4399,0.1887,0.435,0.4545,0.001,0.3128,0.0567,0.13,0.2366,0.3734
2020-06-03 10:41:30.161024,28.002,0.3177,0.2346,0.4135,0.1017,0.3978,0.4057,0.0,0.3607,0.2493,0.2405,0.2952,0.4242
2020-06-03 10:41:30.270224,28.1112,0.3236,0.2356,0.4115,0.0968,0.3978,0.4057,0.0,0.3607,0.2493,0.2405,0.2952,0.4242
2020-06-03 10:41:30.363824,28.2048,0.1632,0.2092,0.4106,0.0909,0.3793,0.3392,0.0557,0.4194,0.2845,0.262,0.3548,0.4604
2020-06-03 10:41:30.473024,28.314,0.0,0.0,0.4526,0.172,0.39,0.2414,0.0557,0.4174,0.2942,0.2776,0.346,0.4555
2020-06-03 10:41:30.566624,28.4076,0.0,0.0,0.4585,0.172,0.39,0.2414,0.0557,0.4174,0.2942,0.2776,0.346,0.4555
2020-06-03 10:41:30.660224,28.5012,0.3245,0.2512,0.4614,0.1457,0.3891,0.2023,0.0,0.3441,0.2493,0.2493,0.3001,0.4223
2020-06-03 10:41:30.769424,28.6104,0.3607,0.2493,0.4096,0.1124,0.4057,0.4213,0.0528,0.3509,0.2297,0.2092,0.2864,0.4018
2020-06-03 10:41:30.863024,28.704,0.3675,0.2532,0.4096,0.1124,0.4057,0.4213,0.0528,0.3509,0.2297,0.2092,0.2864,0.4018
2020-06-03 10:41:30.987824,28.8288,0.3998,0.2717,0.4223,0.129,0.4282,0.4418,0.001,0.3304,0.1085,0.1681,0.2815,0.4027
2020-06-03 10:41:31.065824,28.9068,0.3959,0.2727,0.4282,0.1359,0.434,0.4526,0.001,0.3304,0.1085,0.1681,0.2815,0.4027
2020-06-03 10:41:31.175024,29.016,0.2287,0.2375,0.4311,0.1544,0.4154,0.3822,0.0,0.2962,0.1486,0.1867,0.2854,0.3959
2020-06-03 10:41:31.268624,29.1096,0.2522,0.2141,0.4145,0.1369,0.4282,0.4194,0.0499,0.3695,0.2688,0.2287,0.2874,0.3988
2020-06-03 10:41:31.362224,29.2032,0.2463,0.2121,0.4135,0.1369,0.4282,0.4194,0.0499,0.3695,0.2688,0.2287,0.2874,0.3988
2020-06-03 10:41:31.471424,29.3124,0.3314,0.2385,0.3891,0.0528,0.3851,0.3861,0.0704,0.4037,0.2493,0.2219,0.3118,0.4272
2020-06-03 10:41:31.565024,29.406,0.1026,0.1378,0.4125,0.0899,0.3978,0.3265,0.0929,0.4272,0.3148,0.2639,0.346,0.4536
2020-06-03 10:41:31.674224,29.5152,0.0762,0.1349,0.4184,0.0978,0.3978,0.3265,0.0929,0.4272,0.3148,0.2639,0.346,0.4536
2020-06-03 10:41:31.767824,29.6088,0.0831,0.1662,0.4506,0.1544,0.4096,0.2903,0.0567,0.3959,0.3128,0.2854,0.3402,0.4379
2020-06-03 10:41:31.861424,29.7024,0.3079,0.2571,0.4614,0.1515,0.4096,0.2688,0.0,0.3675,0.2913,0.2776,0.3187,0.4311
2020-06-03 10:41:31.970624,29.8116,0.4135,0.2825,0.4506,0.1427,0.4125,0.2991,0.0,0.3304,0.2542,0.2698,0.3148,0.4311
2020-06-03 10:41:32.064224,29.9052,0.3969,0.2727,0.4379,0.1466,0.4233,0.434,0.0,0.3412,0.1877,0.1955,0.2972,0.4164
2020-06-03 10:41:32.173424,30.0144,0.4076,0.2766,0.4409,0.1476,0.4252,0.4379,0.0,0.3402,0.1505,0.1877,0.2972,0.4164
2020-06-03 10:41:32.267024,30.108,0.4233,0.2933,0.4438,0.1466,0.4399,0.4418,0.0,0.3079,0.1017,0.1681,0.2805,0.3959
2020-06-03 10:41:32.360624,30.2016,0.2923,0.2532,0.4164,0.1437,0.4115,0.3783,0.0,0.2483,0.2346,0.2209,0.2864,0.39
2020-06-03 10:41:32.469824,30.3108,0.2874,0.2483,0.4154,0.1437,0.4115,0.3783,0.0,0.2483,0.2346,0.2209,0.2864,0.39
2020-06-03 10:41:32.563424,30.4044,0.2424,0.1975,0.39,0.1085,0.4252,0.4125,0.1369,0.4242,0.2678,0.1935,0.2776,0.3881
2020-06-03 10:41:32.672624,30.5136,0.259,0.1984,0.3822,0.089,0.3969,0.3949,0.1408,0.4223,0.2092,0.1896,0.2981,0.4125
2020-06-03 10:41:32.766224,30.6072,0.2669,0.2014,0.3842,0.089,0.3969,0.3949,0.1408,0.4223,0.2092,0.1896,0.2981,0.4125
2020-06-03 10:41:32.859824,30.7008,0.1065,0.1476,0.4154,0.1486,0.3978,0.3118,0.1466,0.4585,0.2981,0.2512,0.3539,0.4585
2020-06-03 10:41:32.969024,30.81,0.1046,0.1447,0.4194,0.1486,0.3978,0.3118,0.1466,0.4585,0.2981,0.2512,0.3539,0.4585
2020-06-03 10:41:33.062624,30.9036,0.3353,0.2571,0.4409,0.1544,0.4047,0.2991,0.1281,0.433,0.2649,0.2209,0.3245,0.4301
2020-06-03 10:41:33.171824,31.0128,0.4252,0.2786,0.4135,0.0772,0.4194,0.4037,0.1222,0.4076,0.2209,0.1486,0.3187,0.4282
2020-06-03 10:41:33.265424,31.1064,0.4272,0.2815,0.4135,0.0772,0.4194,0.4037,0.1222,0.4076,0.2209,0.1486,0.3187,0.4282
2020-06-03 10:41:33.374624,31.2156,0.4418,0.2942,0.4066,0.0577,0.4291,0.4321,0.1261,0.3861,0.129,0.1173,0.306,0.4262
2020-06-03 10:41:33.468224,31.3092,0.3421,0.2796,0.4536,0.216,0.4594,0.4692,0.0,0.2972,0.0645,0.1232,0.2766,0.392
2020-06-03 10:41:33.561824,31.4028,0.35,0.2776,0.4536,0.216,0.4594,0.4692,0.0,0.2972,0.0645,0.1232,0.2766,0.392
2020-06-03 10:41:33.671024,31.512,0.2278,0.219,0.4106,0.1398,0.4135,0.4194,0.043,0.3529,0.1789,0.1603,0.2972,0.4233
2020-06-03 10:41:33.764624,31.6056,0.1672,0.173,0.3998,0.1408,0.4106,0.4262,0.0587,0.4115,0.305,0.2307,0.3245,0.4291
2020-06-03 10:41:33.873824,31.7148,0.1955,0.1926,0.4057,0.1427,0.4154,0.4213,0.0,0.3607,0.2786,0.2317,0.3089,0.4242
2020-06-03 10:41:33.967424,31.8084,0.2522,0.2346,0.4184,0.1417,0.3871,0.3675,0.085,0.4008,0.3021,0.2375,0.3441,0.4438
2020-06-03 10:41:34.061024,31.902,0.2268,0.216,0.4194,0.1466,0.3871,0.3675,0.085,0.4008,0.3021,0.2375,0.3441,0.4438
2020-06-03 10:41:34.170224,32.0112,0.0,0.1046,0.4252,0.1603,0.4008,0.3392,0.1222,0.4242,0.3148,0.2366,0.3607,0.4614
2020-06-03 10:41:34.263824,32.1048,0.0987,0.1828,0.4614,0.1867,0.3832,0.1867,0.087,0.391,0.3412,0.2708,0.3187,0.4154
2020-06-03 10:41:34.373024,32.214,0.1867,0.2258,0.4692,0.1955,0.3832,0.1867,0.087,0.391,0.3412,0.2708,0.3187,0.4154
2020-06-03 10:41:34.466624,32.3076,0.4018,0.2864,0.4555,0.1378,0.3822,0.2737,0.0596,0.3773,0.3011,0.2424,0.3167,0.4213
2020-06-03 10:41:34.560224,32.4012,0.4585,0.3216,0.4497,0.1476,0.4321,0.4301,0.0831,0.3822,0.2561,0.1945,0.3011,0.4145
2020-06-03 10:41:34.669424,32.5104,0.4604,0.3226,0.4516,0.1476,0.4321,0.4301,0.0831,0.3822,0.2561,0.1945,0.3011,0.4145
2020-06-03 10:41:34.763024,32.604,0.3783,0.2981,0.4663,0.1887,0.4545,0.4663,0.0,0.3167,0.1681,0.1955,0.3021,0.4203
2020-06-03 10:41:34.872224,32.7132,0.175,0.2151,0.4555,0.219,0.4145,0.3998,0.0,0.347,0.2473,0.2346,0.3343,0.4457
2020-06-03 10:41:34.965824,32.8068,0.1711,0.2063,0.4555,0.218,0.4164,0.3998,0.0,0.347,0.2473,0.2346,0.3343,0.4457
2020-06-03 10:41:35.075024,32.916,0.2434,0.2287,0.4614,0.2004,0.4262,0.4047,0.0,0.3773,0.3324,0.2884,0.347,0.4497
2020-06-03 10:41:35.168624,33.0096,0.303,0.2395,0.435,0.1515,0.3871,0.3509,0.0,0.3675,0.3284,0.2933,0.3519,0.4585
2020-06-03 10:41:35.262224,33.1032,0.303,0.2405,0.435,0.1515,0.3871,0.3509,0.0,0.3715,0.3314,0.2942,0.3558,0.4604
2020-06-03 10:41:35.371424,33.2124,0.044,0.0929,0.4194,0.1476,0.3812,0.3157,0.0,0.434,0.3617,0.3109,0.3832,0.479
2020-06-03 10:41:35.465024,33.306,0.044,0.0929,0.4194,0.1476,0.3871,0.303,0.0,0.434,0.3617,0.3109,0.3832,0.479
2020-06-03 10:41:35.574224,33.4152,0.1672,0.2219,0.4526,0.1789,0.4145,0.3177,0.0,0.3803,0.2835,0.2805,0.3353,0.437
2020-06-03 10:41:35.667824,33.5088,0.3343,0.2551,0.4262,0.1349,0.4213,0.4008,0.0,0.3666,0.2542,0.2414,0.3177,0.435
2020-06-03 10:41:35.761424,33.6024,0.3109,0.2493,0.4135,0.1281,0.4194,0.4057,0.0,0.3607,0.2317,0.2248,0.3177,0.435
2020-06-03 10:41:35.870624,33.7116,0.3891,0.2659,0.4008,0.0831,0.4409,0.4379,0.0538,0.3558,0.2229,0.1984,0.2933,0.4203
2020-06-03 10:41:35.964224,33.8052,0.3988,0.2669,0.4066,0.0831,0.4409,0.4379,0.0538,0.3558,0.2229,0.1984,0.2933,0.4203
2020-06-03 10:41:36.073424,33.9144,0.2102,0.2483,0.4467,0.1955,0.4673,0.4692,0.0,0.2747,0.1378,0.1896,0.2845,0.4057
2020-06-03 10:41:36.167024,34.008,0.0929,0.1496,0.4497,0.2385,0.4418,0.4467,0.0,0.3255,0.0635,0.1828,0.2737,0.3959
2020-06-03 10:41:36.260624,34.1016,0.1036,0.1574,0.4497,0.2385,0.4418,0.4467,0.0,0.3255,0.0635,0.1828,0.2737,0.3959
2020-06-03 10:41:36.369824,34.2108,0.2014,0.1799,0.4321,0.1574,0.4037,0.3998,0.0,0.4115,0.2776,0.2473,0.3099,0.434
2020-06-03 10:41:36.463424,34.3044,0.3509,0.2336,0.3959,0.0499,0.3656,0.3372,0.0,0.3861,0.2102,0.261,0.3607,0.4682
2020-06-03 10:41:36.572624,34.4136,0.346,0.2336,0.3978,0.0499,0.3656,0.3372,0.0,0.3861,0.2102,0.261,0.3607,0.4682
2020-06-03 10:41:36.666224,34.5072,0.0215,0.1261,0.4145,0.0831,0.3881,0.3353,0.0704,0.4184,0.2776,0.2698,0.3646,0.4692
2020-06-03 10:41:36.759824,34.6008,0.1036,0.1955,0.4536,0.1349,0.4194,0.3685,0.088,0.3715,0.1711,0.1935,0.3245,0.4321
2020-06-03 10:41:36.869024,34.71,0.2121,0.2493,0.4614,0.1417,0.4213,0.3793,0.088,0.3558,0.0948,0.1838,0.2952,0.4096
2020-06-03 10:41:36.962624,34.8036,0.2072,0.2512,0.4438,0.1916,0.4389,0.4145,0.0909,0.3587,0.0899,0.1173,0.3011,0.4125
2020-06-03 10:41:37.071824,34.9128,0.3353,0.2786,0.4477,0.1574,0.4575,0.4242,0.1212,0.3695,0.0489,0.0577,0.2717,0.3969
2020-06-03 10:41:37.165424,35.0064,0.3412,0.2786,0.4467,0.1427,0.4585,0.4291,0.1193,0.3617,0.0469,0.0557,0.2688,0.3959
2020-06-03 10:41:37.274624,35.1156,0.2336,0.2649,0.4624,0.217,0.4682,0.4692,0.0528,0.2942,0.0557,0.0714,0.2766,0.3969
2020-06-03 10:41:37.368224,35.2092,0.2053,0.263,0.4643,0.2199,0.4682,0.4692,0.0528,0.2942,0.0557,0.0714,0.2766,0.3969
2020-06-03 10:41:37.461824,35.3028,0.0665,0.1652,0.4614,0.2356,0.4526,0.4682,0.0929,0.3636,0.1984,0.1095,0.2854,0.4047
2020-06-03 10:41:37.571024,35.412,0.1828,0.2317,0.436,0.1535,0.4154,0.4184,0.1447,0.4233,0.2854,0.1515,0.306,0.4174
2020-06-03 10:41:37.664624,35.5056,0.1975,0.2385,0.436,0.1535,0.4154,0.4184,0.1447,0.4233,0.2854,0.1515,0.306,0.4174
2020-06-03 10:41:37.773824,35.6148,0.2512,0.259,0.4379,0.1017,0.3861,0.3959,0.1994,0.4585,0.304,0.173,0.3587,0.4565
2020-06-03 10:41:37.867424,35.7084,0.2121,0.2581,0.4399,0.1105,0.3881,0.3949,0.1994,0.4585,0.304,0.173,0.3587,0.4565
2020-06-03 10:41:37.961024,35.802,0.0665,0.1359,0.4409,0.129,0.4145,0.3715,0.2004,0.4467,0.2923,0.1857,0.3666,0.4633
2020-06-03 10:41:38.070224,35.9112,0.4262,0.3138,0.4751,0.172,0.433,0.4047,0.1799,0.4223,0.2913,0.1906,0.2903,0.3988
2020-06-03 10:41:38.163824,36.0048,0.4262,0.3138,0.4751,0.172,0.4321,0.393,0.1486,0.4223,0.2913,0.1906,0.2903,0.3988
2020-06-03 10:41:38.273024,36.114,0.4242,0.3265,0.4399,0.1417,0.4301,0.4467,0.129,0.4203,0.3216,0.2082,0.3079,0.4145
2020-06-03 10:41:38.366624,36.2076,0.4575,0.349,0.4565,0.1535,0.4516,0.4477,0.1026,0.3939,0.2952,0.1857,0.2991,0.4125
2020-06-03 10:41:38.460224,36.3012,0.4545,0.348,0.4526,0.1535,0.4516,0.4477,0.1026,0.3939,0.2952,0.1857,0.2991,0.4125
2020-06-03 10:41:38.569424,36.4104,0.4506,0.3441,0.4643,0.1652,0.4555,0.4457,0.0,0.2854,0.0792,0.1427,0.2776,0.3959
2020-06-03 10:41:38.663024,36.504,0.4467,0.3343,0.4643,0.1652,0.4555,0.4457,0.0,0.2854,0.0792,0.1427,0.2776,0.3959
2020-06-03 10:41:38.772224,36.6132,0.3607,0.2512,0.4242,0.1065,0.4164,0.3881,0.043,0.3744,0.2532,0.1945,0.2972,0.4076
2020-06-03 10:41:38.865824,36.7068,0.3509,0.2532,0.4066,0.0489,0.3685,0.348,0.0,0.3891,0.306,0.2385,0.3294,0.434
2020-06-03 10:41:38.975024,36.816,0.3441,0.2522,0.4057,0.0499,0.3685,0.348,0.0,0.3891,0.306,0.2385,0.3294,0.434
2020-06-03 10:41:39.068624,36.9096,0.1398,0.1525,0.4174,0.0635,0.3822,0.3627,0.0772,0.4487,0.3275,0.261,0.3666,0.4653
2020-06-03 10:41:39.162224,37.0032,0.089,0.1457,0.434,0.1241,0.4194,0.3597,0.0674,0.4321,0.3021,0.263,0.3627,0.4575
2020-06-03 10:41:39.271424,37.1124,0.089,0.1457,0.434,0.1241,0.4194,0.3627,0.0567,0.4282,0.3021,0.263,0.3627,0.4575
2020-06-03 10:41:39.365024,37.206,0.3109,0.263,0.4643,0.1554,0.4184,0.3089,0.0,0.3607,0.2815,0.2766,0.3324,0.4399
2020-06-03 10:41:39.474224,37.3152,0.392,0.261,0.4379,0.1241,0.4233,0.4037,0.0,0.3715,0.2747,0.2199,0.3314,0.437
2020-06-03 10:41:39.567824,37.4088,0.4008,0.2717,0.4389,0.1241,0.4233,0.4037,0.0,0.3715,0.2747,0.2199,0.3314,0.437
2020-06-03 10:41:39.661424,37.5024,0.391,0.2854,0.4545,0.1544,0.4526,0.4311,0.0645,0.3636,0.2092,0.1691,0.2972,0.4135
2020-06-03 10:41:39.770624,37.6116,0.2581,0.2463,0.4467,0.1681,0.4272,0.3832,0.0,0.3118,0.1613,0.173,0.2815,0.3949
2020-06-03 10:41:39.864224,37.7052,0.2395,0.2405,0.4467,0.1681,0.4262,0.3881,0.0,0.3138,0.1711,0.174,0.2815,0.3939
2020-06-03 10:41:39.973424,37.8144,0.2366,0.217,0.4321,0.1496,0.4311,0.4145,0.042,0.392,0.305,0.2278,0.2942,0.3988
2020-06-03 10:41:40.067024,37.908,0.2395,0.218,0.4311,0.1496,0.4311,0.4145,0.042,0.392,0.305,0.2278,0.2942,0.3988
2020-06-03 10:41:40.160624,38.0016,0.2747,0.2151,0.4154,0.1085,0.3939,0.3803,0.0684,0.4223,0.2893,0.2317,0.3304,0.437
2020-06-03 10:41:40.269824,38.1108,0.2551,0.2336,0.4242,0.1163,0.393,0.3558,0.2815,0.52,0.1408,0.1447,0.3705,0.4936
2020-06-03 10:41:40.363424,38.2044,0.2326,0.2258,0.4242,0.1163,0.393,0.3558,0.2815,0.52,0.1408,0.1447,0.3705,0.4936
2020-06-03 10:41:40.472624,38.3136,0.219,0.2092,0.4135,0.1007,0.3978,0.3578,0.2004,0.5005,0.1085,0.1769,0.3314,0.4604
2020-06-03 10:41:40.566224,38.4072,0.3871,0.259,0.4487,0.1193,0.4096,0.3138,0.1212,0.434,0.1779,0.2092,0.3138,0.4448
2020-06-03 10:41:40.659824,38.5008,0.3001,0.261,0.4604,0.1378,0.4096,0.3578,0.0264,0.3832,0.2776,0.2366,0.3245,0.433
2020-06-03 10:41:40.769024,38.61,0.2424,0.2581,0.4594,0.1916,0.4428,0.4399,0.0743,0.3724,0.2121,0.1711,0.2903,0.4203
2020-06-03 10:41:40.862624,38.7036,0.2493,0.259,0.4633,0.1965,0.4467,0.4399,0.0743,0.3724,0.2121,0.1711,0.2903,0.4203
2020-06-03 10:41:40.971824,38.8128,0.1848,0.2649,0.4819,0.2385,0.4624,0.4594,0.0,0.3118,0.0606,0.1261,0.261,0.3959
2020-06-03 10:41:41.065424,38.9064,0.1202,0.1896,0.4673,0.2336,0.4467,0.4536,0.0029,0.3265,0.0626,0.1271,0.2698,0.4066
2020-06-03 10:41:41.174624,39.0156,0.0968,0.174,0.4633,0.2326,0.4467,0.4536,0.0029,0.3265,0.0626,0.1271,0.2698,0.4066
2020-06-03 10:41:41.268224,39.1092,0.2864,0.2395,0.4418,0.1447,0.433,0.435,0.0938,0.4096,0.2366,0.1603,0.2952,0.4321
2020-06-03 10:41:41.361824,39.2028,0.2747,0.2278,0.4008,0.0499,0.3803,0.3861,0.0987,0.4311,0.306,0.2248,0.3333,0.4516
2020-06-03 10:41:41.471024,39.312,0.262,0.219,0.3969,0.0499,0.3803,0.3861,0.0987,0.4311,0.306,0.2248,0.3333,0.4516
2020-06-03 10:41:41.564624,39.4056,0.1447,0.1554,0.3959,0.0313,0.3597,0.3343,0.175,0.4663,0.3284,0.2454,0.3519,0.4555
2020-06-03 10:41:41.673824,39.5148,0.2366,0.2532,0.4643,0.174,0.4203,0.3324,0.0,0.3793,0.3089,0.2639,0.3265,0.433
2020-06-03 10:41:41.767424,39.6084,0.2884,0.263,0.4643,0.174,0.4203,0.3324,0.0,0.3793,0.3089,0.2639,0.3265,0.433
2020-06-03 10:41:41.861024,39.702,0.1457,0.2434,0.4761,0.2385,0.4389,0.4262,0.0,0.3675,0.3245,0.262,0.3284,0.4301
2020-06-03 10:41:41.970224,39.8112,0.305,0.2698,0.4624,0.2082,0.4457,0.4311,0.087,0.3783,0.2209,0.1701,0.2923,0.4066
2020-06-03 10:41:42.063824,39.9048,0.3871,0.2962,0.4663,0.1926,0.4497,0.4321,0.086,0.3763,0.2111,0.131,0.2854,0.4018
2020-06-03 10:41:42.173024,40.014,0.436,0.3196,0.4467,0.1212,0.4545,0.4477,0.0,0.259,0.0596,0.1398,0.2786,0.4018
2020-06-03 10:41:42.266624,40.1076,0.435,0.3187,0.4467,0.1251,0.4545,0.4477,0.0,0.259,0.0596,0.1398,0.2786,0.4018
2020-06-03 10:41:42.360224,40.2012,0.3675,0.2698,0.4389,0.1408,0.435,0.4154,0.0,0.2845,0.1486,0.1808,0.2933,0.4125
2020-06-03 10:41:42.469424,40.3104,0.2766,0.2346,0.4272,0.132,0.4106,0.393,0.0,0.3812,0.3431,0.2776,0.3148,0.4282
2020-06-03 10:41:42.563024,40.404,0.263,0.2307,0.4233,0.132,0.4106,0.393,0.0,0.3812,0.3431,0.2776,0.3148,0.4282
2020-06-03 10:41:42.672224,40.5132,0.2747,0.2454,0.3861,0.0235,0.35,0.3236,0.1026,0.4428,0.3392,0.2336,0.3529,0.4545
2020-06-03 10:41:42.765824,40.6068,0.1672,0.1955,0.3715,0.0235,0.3529,0.3363,0.1329,0.4545,0.3343,0.2366,0.3627,0.4653
2020-06-03 10:41:42.875024,40.716,0.0,0.0,0.3724,0.087,0.3842,0.3734,0.1828,0.4663,0.3304,0.2444,0.3656,0.4682
2020-06-03 10:41:42.968624,40.8096,0.3744,0.2698,0.4467,0.1603,0.4164,0.349,0.1603,0.3881,0.2141,0.1701,0.2981,0.4203
2020-06-03 10:41:43.062224,40.9032,0.3744,0.2698,0.4614,0.1554,0.4194,0.3392,0.1603,0.3881,0.2141,0.1701,0.2981,0.4203
2020-06-03 10:41:43.171424,41.0124,0.4174,0.2776,0.4233,0.0958,0.4184,0.4145,0.1026,0.3812,0.1701,0.1232,0.2884,0.4164
2020-06-03 10:41:43.265024,41.106,0.4321,0.305,0.4487,0.1408,0.4487,0.4448,0.1173,0.3607,0.1085,0.0987,0.2864,0.4223
2020-06-03 10:41:43.374224,41.2152,0.4194,0.3011,0.4487,0.1437,0.4487,0.4448,0.1173,0.3607,0.1085,0.0987,0.2864,0.4223
2020-06-03 10:41:43.467824,41.3088,0.2991,0.26,0.4467,0.1838,0.4565,0.4477,0.087,0.3275,0.1114,0.0997,0.2757,0.4106
2020-06-03 10:41:43.561424,41.4024,0.3451,0.2571,0.4194,0.1202,0.4301,0.4057,0.0919,0.3822,0.2952,0.1877,0.2952,0.4272
2020-06-03 10:41:43.670624,41.5116,0.3558,0.26,0.4194,0.1202,0.4301,0.4057,0.0919,0.3822,0.2952,0.1877,0.2952,0.4272
2020-06-03 10:41:43.764224,41.6052,0.3187,0.2522,0.4115,0.0909,0.4194,0.4096,0.043,0.4164,0.3314,0.259,0.3128,0.4438
2020-06-03 10:41:43.873424,41.7144,0.1114,0.13,0.4115,0.1036,0.4174,0.4037,0.1887,0.478,0.3079,0.218,0.3372,0.4575
2020-06-03 10:41:43.967024,41.808,0.0,0.13,0.4115,0.1036,0.4174,0.4037,0.1887,0.478,0.3079,0.218,0.3372,0.4575
2020-06-03 10:41:44.060624,41.9016,0.0,0.0,0.4252,0.1662,0.436,0.3998,0.2395,0.4858,0.3236,0.2111,0.3333,0.4409
2020-06-03 10:41:44.169824,42.0108,0.4692,0.3382,0.3695,0.0459,0.4409,0.4536,0.1046,0.3783,0.2004,0.1662,0.2815,0.4106
2020-06-03 10:41:44.263424,42.1044,0.4848,0.3441,0.3412,0.0,0.437,0.4604,0.0919,0.3793,0.2004,0.172,0.2923,0.4115
2020-06-03 10:41:44.372624,42.2136,0.4966,0.3646,0.3578,0.0,0.4272,0.4604,0.089,0.3871,0.2043,0.1486,0.304,0.433
2020-06-03 10:41:44.466224,42.3072,0.5034,0.3685,0.3578,0.0,0.4272,0.4604,0.089,0.3871,0.2043,0.1486,0.304,0.433
2020-06-03 10:41:44.559824,42.4008,0.477,0.3675,0.4115,0.0714,0.4497,0.4585,0.0029,0.3421,0.1984,0.1818,0.305,0.434
2020-06-03 10:41:44.669024,42.51,0.3675,0.2776,0.4379,0.1711,0.4428,0.4565,0.0,0.3128,0.1935,0.1945,0.2962,0.4125
2020-06-03 10:41:44.762624,42.6036,0.3597,0.2639,0.4379,0.1711,0.4428,0.4565,0.0,0.3128,0.1935,0.1945,0.2962,0.4125
2020-06-03 10:41:44.871824,42.7128,0.2033,0.2131,0.4242,0.1535,0.4252,0.4379,0.0704,0.3783,0.2532,0.1906,0.2991,0.4213
2020-06-03 10:41:44.965424,42.8064,0.1818,0.1887,0.4252,0.1574,0.4203,0.4379,0.087,0.3793,0.218,0.1896,0.303,0.4301
2020-06-03 10:41:45.074624,42.9156,0.1877,0.1916,0.4262,0.1584,0.4223,0.4399,0.0919,0.4086,0.2229,0.1906,0.3275,0.4409
2020-06-03 10:41:45.168224,43.0092,0.1808,0.1848,0.4203,0.1476,0.4086,0.4154,0.1662,0.4526,0.2375,0.1916,0.3529,0.4643
2020-06-03 10:41:45.261824,43.1028,0.1613,0.1691,0.4164,0.1437,0.4086,0.4154,0.1662,0.4526,0.2375,0.1916,0.3529,0.4643
2020-06-03 10:41:45.371024,43.212,0.0723,0.0616,0.3998,0.1496,0.3881,0.3959,0.0,0.3949,0.2962,0.2708,0.3372,0.4418
2020-06-03 10:41:45.464624,43.3056,0.219,0.1984,0.4321,0.174,0.4145,0.3871,0.0,0.3597,0.2317,0.2229,0.306,0.4242
2020-06-03 10:41:45.573824,43.4148,0.2043,0.2004,0.4321,0.174,0.4145,0.3871,0.0,0.3597,0.2317,0.2229,0.306,0.4242
2020-06-03 10:41:45.667424,43.5084,0.2571,0.2082,0.4262,0.1603,0.4389,0.4379,0.0753,0.3627,0.0782,0.1232,0.263,0.393
2020-06-03 10:41:45.761024,43.602,0.2571,0.2082,0.4321,0.1642,0.4389,0.4379,0.0753,0.3627,0.0782,0.1232,0.263,0.393
2020-06-03 10:41:45.870224,43.7112,0.0674,0.1056,0.4643,0.2317,0.4457,0.4282,0.0,0.2815,0.1466,0.1965,0.2727,0.3959
2020-06-03 10:41:45.963824,43.8048,0.1691,0.1662,0.4428,0.1584,0.4233,0.3783,0.0,0.3324,0.2366,0.2141,0.2893,0.4076
2020-06-03 10:41:46.073024,43.914,0.1769,0.1691,0.4409,0.1564,0.4272,0.3783,0.0,0.3324,0.2366,0.2141,0.2893,0.4076
2020-06-03 10:41:46.166624,44.0076,0.2239,0.1808,0.4203,0.1437,0.4311,0.4145,0.0655,0.3744,0.2385,0.1808,0.306,0.4321
2020-06-03 10:41:46.260224,44.1012,0.2395,0.1877,0.4213,0.1457,0.3939,0.3939,0.2063,0.4643,0.2023,0.1183,0.3431,0.4565
2020-06-03 10:41:46.369424,44.2104,0.2405,0.1877,0.4233,0.1457,0.3939,0.3939,0.2063,0.4643,0.2023,0.1183,0.3431,0.4565
2020-06-03 10:41:46.463024,44.304,0.176,0.1632,0.4223,0.1496,0.3959,0.3529,0.2131,0.5005,0.2825,0.2092,0.3636,0.4731
2020-06-03 10:41:46.572224,44.4132,0.3548,0.2434,0.4555,0.1652,0.4096,0.3715,0.0,0.3871,0.3079,0.2639,0.3196,0.4262
2020-06-03 10:41:46.665824,44.5068,0.3548,0.2434,0.4555,0.1652,0.4096,0.3715,0.0,0.3803,0.3089,0.2639,0.3196,0.4262
2020-06-03 10:41:46.790624,44.6316,0.3138,0.2414,0.4585,0.1896,0.4311,0.4174,0.0293,0.3763,0.2366,0.1975,0.3069,0.4301
2020-06-03 10:41:46.868624,44.7096,0.3187,0.2434,0.4585,0.1896,0.4311,0.4174,0.0293,0.3763,0.2366,0.1975,0.3069,0.4301
2020-06-03 10:41:46.962224,44.8032,0.3118,0.2502,0.4721,0.218,0.4497,0.4409,0.0283,0.3402,0.173,0.1505,0.2913,0.4125
2020-06-03 10:41:47.071424,44.9124,0.173,0.2072,0.4604,0.2239,0.4066,0.3548,0.0,0.305,0.219,0.2043,0.303,0.4223
2020-06-03 10:41:47.165024,45.006,0.1632,0.2033,0.4575,0.2239,0.4066,0.3548,0.0,0.305,0.219,0.2043,0.303,0.4223
2020-06-03 10:41:47.274224,45.1152,0.2268,0.2239,0.4428,0.1984,0.4438,0.437,0.0401,0.3754,0.3011,0.2356,0.2972,0.4037
2020-06-03 10:41:47.367824,45.2088,0.1965,0.219,0.4145,0.1681,0.434,0.4399,0.1017,0.4125,0.2522,0.1955,0.303,0.4174
2020-06-03 10:41:47.461424,45.3024,0.2014,0.2209,0.4145,0.1681,0.434,0.4399,0.1017,0.4125,0.2522,0.1955,0.303,0.4174
2020-06-03 10:41:47.570624,45.4116,0.0665,0.1261,0.4086,0.1681,0.4203,0.4154,0.1437,0.4585,0.2796,0.2366,0.3548,0.4614
2020-06-03 10:41:47.664224,45.5052,0.0958,0.132,0.4301,0.172,0.4057,0.3353,0.1505,0.4545,0.2766,0.2366,0.3412,0.4506
2020-06-03 10:41:47.773424,45.6144,0.1554,0.174,0.4301,0.172,0.4047,0.3275,0.1447,0.4487,0.2737,0.2366,0.3333,0.4428
2020-06-03 10:41:47.867024,45.708,0.3949,0.2913,0.4741,0.1975,0.4115,0.305,0.0,0.3578,0.2502,0.2473,0.3109,0.433
2020-06-03 10:41:47.960624,45.8016,0.391,0.2884,0.4721,0.1975,0.4115,0.305,0.0,0.3578,0.2502,0.2473,0.3109,0.433
2020-06-03 10:41:48.069824,45.9108,0.3724,0.2805,0.4633,0.2014,0.4203,0.3998,0.0283,0.3646,0.2063,0.1906,0.2991,0.4213
2020-06-03 10:41:48.163424,46.0044,0.3627,0.2815,0.4633,0.1838,0.4497,0.4184,0.0303,0.3548,0.1994,0.176,0.2903,0.4066
2020-06-03 10:41:48.272624,46.1136,0.3685,0.2874,0.4663,0.1838,0.4497,0.4184,0.0303,0.3548,0.1994,0.176,0.2903,0.4066
2020-06-03 10:41:48.366224,46.2072,0.1955,0.2424,0.4682,0.218,0.4379,0.3891,0.0,0.2835,0.2082,0.2063,0.2805,0.3871
2020-06-03 10:41:48.459824,46.3008,0.1153,0.1378,0.4262,0.1808,0.4135,0.3851,0.1026,0.3832,0.2336,0.1701,0.2532,0.3705
2020-06-03 10:41:48.569024,46.41,0.1515,0.1408,0.4174,0.1652,0.4115,0.3851,0.1026,0.3832,0.2336,0.1701,0.2532,0.3705
2020-06-03 10:41:48.662624,46.5036,0.3431,0.2395,0.3969,0.044,0.3558,0.3431,0.1398,0.4115,0.2326,0.1701,0.2737,0.393
2020-06-03 10:41:48.771824,46.6128,0.1632,0.1408,0.4096,0.1075,0.3617,0.349,0.1789,0.4526,0.3089,0.2268,0.3382,0.4399
2020-06-03 10:41:48.865424,46.7064,0.0997,0.1144,0.4096,0.1075,0.3617,0.349,0.1789,0.4526,0.3089,0.2268,0.3382,0.4399
2020-06-03 10:41:48.974624,46.8156,0.0919,0.0772,0.3402,0.0714,0.3255,0.3167,0.1828,0.4702,0.3646,0.2659,0.3353,0.433
2020-06-03 10:41:49.068224,46.9092,0.0919,0.0772,0.3402,0.0606,0.3236,0.3128,0.1818,0.4663,0.3646,0.2659,0.3353,0.433
2020-06-03 10:41:49.161824,47.0028,0.2542,0.217,0.3812,0.0841,0.3539,0.3324,0.1515,0.4545,0.347,0.2669,0.3294,0.433
2020-06-03 10:41:49.271024,47.112,0.4321,0.2854,0.4076,0.0557,0.4115,0.4184,0.0909,0.4086,0.2805,0.174,0.2972,0.4096
2020-06-03 10:41:49.364624,47.2056,0.436,0.2854,0.3978,0.045,0.4115,0.4184,0.0909,0.4086,0.2805,0.174,0.2972,0.4096
2020-06-03 10:41:49.473824,47.3148,0.4653,0.3079,0.3978,0.0186,0.4301,0.4321,0.0733,0.3656,0.2258,0.176,0.2893,0.4057
2020-06-03 10:41:49.567424,47.4084,0.3617,0.261,0.4252,0.1193,0.4272,0.4145,0.0,0.2708,0.219,0.2092,0.2786,0.3939
2020-06-03 10:41:49.661024,47.502,0.3138,0.2463,0.4213,0.1193,0.4272,0.4145,0.0,0.2708,0.219,0.2092,0.2786,0.3939
2020-06-03 10:41:49.770224,47.6112,0.2933,0.2268,0.393,0.0802,0.3969,0.4174,0.0674,0.3959,0.2981,0.2229,0.2747,0.3812
2020-06-03 10:41:49.863824,47.7048,0.3627,0.2424,0.3754,0.0538,0.3412,0.3187,0.0068,0.3793,0.2972,0.2356,0.2893,0.4027
2020-06-03 10:41:49.973024,47.814,0.3675,0.2414,0.3646,0.0538,0.3412,0.3187,0.0068,0.3793,0.2972,0.2356,0.2893,0.4027
2020-06-03 10:41:50.066624,47.9076,0.2952,0.2346,0.3568,0.0117,0.3304,0.2717,0.1437,0.4399,0.3372,0.2229,0.349,0.4389
2020-06-03 10:41:50.160224,48.0012,0.2072,0.2131,0.4125,0.0332,0.3304,0.1808,0.1848,0.4516,0.3666,0.2405,0.35,0.4379
2020-06-03 10:41:50.269424,48.1104,0.3431,0.2669,0.437,0.0274,0.3529,0.1711,0.1867,0.4467,0.3451,0.2375,0.3431,0.436
2020-06-03 10:41:50.363024,48.204,0.4721,0.3451,0.4702,0.0587,0.3597,0.1349,0.1183,0.4145,0.304,0.2317,0.3206,0.4321
2020-06-03 10:41:50.472224,48.3132,0.4721,0.347,0.4692,0.0635,0.3646,0.1593,0.1183,0.4145,0.304,0.2317,0.3206,0.4321
2020-06-03 10:41:50.565824,48.4068,0.4448,0.3324,0.4702,0.1251,0.4066,0.3773,0.0938,0.3969,0.2669,0.1867,0.305,0.4194
2020-06-03 10:41:50.675024,48.516,0.4047,0.3245,0.4888,0.2219,0.4604,0.437,0.0655,0.3568,0.2082,0.1681,0.2972,0.4106
2020-06-03 10:41:50.768624,48.6096,0.3763,0.3167,0.4927,0.2346,0.4604,0.437,0.0655,0.3568,0.2082,0.1681,0.2972,0.4106
2020-06-03 10:41:50.862224,48.7032,0.2141,0.259,0.4878,0.2522,0.436,0.4066,0.0,0.2942,0.1896,0.1848,0.2815,0.3949
2020-06-03 10:41:50.971424,48.8124,0.2405,0.2366,0.434,0.1457,0.4135,0.3627,0.088,0.4184,0.2141,0.1818,0.3011,0.4135
2020-06-03 10:41:51.065024,48.906,0.2903,0.2434,0.4321,0.1457,0.4135,0.3627,0.088,0.4184,0.2141,0.1818,0.3011,0.4135
2020-06-03 10:41:51.174224,49.0152,0.4233,0.259,0.4066,0.0547,0.3891,0.3754,0.085,0.4252,0.1515,0.1769,0.2942,0.4184
2020-06-03 10:41:51.267824,49.1088,0.3431,0.2463,0.3939,0.0547,0.3412,0.3206,0.1984,0.4897,0.2248,0.1935,0.3578,0.4653
2020-06-03 10:41:51.361424,49.2024,0.3431,0.2463,0.3939,0.0547,0.3412,0.2972,0.2043,0.4995,0.2248,0.1935,0.3578,0.4653
2020-06-03 10:41:51.470624,49.3116,0.175,0.1261,0.3881,0.0753,0.3636,0.306,0.1945,0.4976,0.2639,0.2375,0.3529,0.4633
2020-06-03 10:41:51.564224,49.4052,0.175,0.1808,0.3939,0.0831,0.3636,0.306,0.1945,0.4976,0.2639,0.2375,0.3529,0.4633
2020-06-03 10:41:51.673424,49.5144,0.4448,0.3079,0.4457,0.1085,0.3891,0.2972,0.0479,0.4037,0.2268,0.2424,0.3187,0.4428
2020-06-03 10:41:51.767024,49.608,0.4047,0.3001,0.4526,0.1535,0.3939,0.3216,0.0,0.3656,0.219,0.218,0.2981,0.4242
2020-06-03 10:41:51.860624,49.7016,0.4057,0.303,0.4545,0.1535,0.3939,0.3216,0.0,0.3656,0.219,0.218,0.2981,0.4242
2020-06-03 10:41:51.969824,49.8108,0.4409,0.3157,0.4526,0.1584,0.4262,0.3998,0.0626,0.3597,0.2033,0.1779,0.2835,0.3978
2020-06-03 10:41:52.063424,49.9044,0.3343,0.2854,0.4653,0.2278,0.4516,0.4457,0.0,0.2542,0.1984,0.2004,0.2786,0.392
2020-06-03 10:41:52.172624,50.0136,0.3187,0.2825,0.4624,0.2278,0.4516,0.4457,0.0,0.2542,0.1984,0.2004,0.2786,0.392
2020-06-03 10:41:52.266224,50.1072,0.1818,0.2444,0.4252,0.174,0.4389,0.4379,0.0841,0.4115,0.3226,0.1994,0.3021,0.4047
2020-06-03 10:41:52.359824,50.2008,0.175,0.2336,0.4125,0.1329,0.4057,0.3773,0.1769,0.4536,0.3363,0.2004,0.303,0.4096
2020-06-03 10:41:52.469024,50.31,0.1584,0.2219,0.3949,0.1017,0.39,0.3842,0.1662,0.4526,0.3372,0.2356,0.3109,0.4252
2020-06-03 10:41:52.562624,50.4036,0.0831,0.1378,0.4018,0.1007,0.3734,0.3451,0.1838,0.4682,0.3157,0.2375,0.35,0.4594
2020-06-03 10:41:52.671824,50.5128,0.0,0.0,0.436,0.1329,0.3881,0.3304,0.2072,0.4673,0.3675,0.2483,0.349,0.4389
2020-06-03 10:41:52.765424,50.6064,0.0,0.0039,0.436,0.1329,0.3881,0.3304,0.2072,0.4673,0.3675,0.2483,0.349,0.4389
2020-06-03 10:41:52.874624,50.7156,0.2111,0.2346,0.4624,0.1691,0.4164,0.3822,0.0899,0.3803,0.3109,0.2483,0.3118,0.4154
2020-06-03 10:41:52.968224,50.8092,0.2111,0.2346,0.4624,0.1691,0.4174,0.3851,0.089,0.3803,0.3109,0.2483,0.3118,0.4154
2020-06-03 10:41:53.061824,50.9028,0.3021,0.2688,0.4506,0.1769,0.4311,0.4223,0.1105,0.3969,0.2493,0.1564,0.305,0.4194
2020-06-03 10:41:53.171024,51.012,0.3187,0.2766,0.4702,0.2072,0.4467,0.4389,0.0929,0.3685,0.2141,0.132,0.2991,0.4106
2020-06-03 10:41:53.264624,51.1056,0.3187,0.2776,0.4731,0.2072,0.4467,0.4389,0.0929,0.3685,0.2141,0.132,0.2991,0.4106
2020-06-03 10:41:53.373824,51.2148,0.1877,0.2336,0.4692,0.2121,0.434,0.4086,0.0,0.2815,0.2053,0.172,0.2796,0.3939
2020-06-03 10:41:53.467424,51.3084,0.1339,0.1339,0.4223,0.1457,0.4213,0.391,0.0899,0.3988,0.2923,0.1965,0.2903,0.4008
2020-06-03 10:41:53.561024,51.402,0.1378,0.1388,0.4213,0.1457,0.4213,0.391,0.0899,0.3988,0.2923,0.1965,0.2903,0.4008
2020-06-03 10:41:53.670224,51.5112,0.2346,0.1984,0.4194,0.131,0.391,0.3607,0.0577,0.4135,0.3412,0.2483,0.3275,0.4282
2020-06-03 10:41:53.763824,51.6048,0.2346,0.1984,0.4194,0.131,0.3851,0.3607,0.0645,0.4135,0.3412,0.2483,0.3275,0.4282
2020-06-03 10:41:53.873024,51.714,0.2473,0.2043,0.4154,0.1349,0.3959,0.3685,0.0264,0.4047,0.2737,0.2463,0.3519,0.4565
2020-06-03 10:41:53.966624,51.8076,0.0,0.002,0.4242,0.1662,0.4301,0.3636,0.0772,0.4115,0.2278,0.2385,0.3431,0.4457
2020-06-03 10:41:54.060224,51.9012,0.0,0.0323,0.4272,0.1662,0.4301,0.3636,0.0772,0.4115,0.2278,0.2385,0.3431,0.4457
2020-06-03 10:41:54.169424,52.0104,0.3372,0.2444,0.4633,0.1652,0.4145,0.3001,0.0352,0.3128,0.0577,0.1799,0.3001,0.4291
2020-06-03 10:41:54.263024,52.104,0.3372,0.2444,0.4614,0.1632,0.4203,0.3079,0.0352,0.3128,0.0577,0.1799,0.3001,0.4291
2020-06-03 10:41:54.372224,52.2132,0.3548,0.2561,0.4291,0.089,0.4154,0.3871,0.0479,0.3177,0.0606,0.1535,0.304,0.4301
2020-06-03 10:41:54.465824,52.3068,0.2805,0.2571,0.4555,0.1437,0.4409,0.4066,0.0,0.259,0.0743,0.1955,0.3089,0.437
2020-06-03 10:41:54.575024,52.416,0.2805,0.2542,0.4643,0.1564,0.4467,0.4066,0.0,0.259,0.0743,0.1955,0.3089,0.437
2020-06-03 10:41:54.668624,52.5096,0.0938,0.1564,0.4624,0.2297,0.436,0.4282,0.0,0.2463,0.1623,0.219,0.304,0.4154
2020-06-03 10:41:54.762224,52.6032,0.0978,0.1202,0.4194,0.1554,0.4164,0.4233,0.0557,0.3715,0.2845,0.2297,0.2874,0.393
2020-06-03 10:41:54.871424,52.7124,0.1007,0.1163,0.4115,0.1554,0.4164,0.4233,0.0557,0.3715,0.2845,0.2297,0.2874,0.393
2020-06-03 10:41:54.965024,52.806,0.1623,0.1281,0.3675,0.045,0.3265,0.3138,0.0919,0.3803,0.2678,0.2199,0.3157,0.4203
2020-06-03 10:41:55.074224,52.9152,0.0723,0.0371,0.3265,0.0313,0.3206,0.3157,0.0987,0.4184,0.3079,0.2522,0.3539,0.4585
2020-06-03 10:41:55.167824,53.0088,0.0254,0.0,0.3265,0.0313,0.3206,0.3157,0.0987,0.4184,0.3079,0.2522,0.3539,0.4585
2020-06-03 10:41:55.261424,53.1024,0.1848,0.1711,0.3978,0.0518,0.3724,0.305,0.1642,0.4457,0.3392,0.2483,0.348,0.4457
2020-06-03 10:41:55.370624,53.2116,0.4829,0.346,0.4848,0.1193,0.3949,0.1799,0.089,0.3675,0.2297,0.1975,0.304,0.4194
2020-06-03 10:41:55.464224,53.3052,0.4731,0.3421,0.4848,0.1193,0.3949,0.1799,0.089,0.3675,0.2297,0.1975,0.304,0.4194
2020-06-03 10:41:55.573424,53.4144,0.39,0.2893,0.4731,0.1505,0.4262,0.4174,0.1202,0.3861,0.2356,0.1838,0.3196,0.4154
2020-06-03 10:41:55.667024,53.508,0.3939,0.2933,0.4761,0.1505,0.4262,0.4174,0.1202,0.3861,0.2356,0.1838,0.3196,0.4154
2020-06-03 10:41:55.760624,53.6016,0.3128,0.2913,0.4907,0.2307,0.4497,0.4389,0.0401,0.3294,0.1935,0.1681,0.2913,0.4096
2020-06-03 10:41:55.869824,53.7108,0.2991,0.2747,0.4897,0.2356,0.4457,0.4389,0.0,0.2805,0.1818,0.1935,0.2835,0.3998
2020-06-03 10:41:55.963424,53.8044,0.2991,0.2727,0.4868,0.2346,0.4428,0.4389,0.0,0.2805,0.1818,0.1935,0.2835,0.3998
2020-06-03 10:41:56.072624,53.9136,0.1417,0.1241,0.4047,0.1486,0.4096,0.3627,0.0772,0.4213,0.3333,0.2385,0.3245,0.4203
2020-06-03 10:41:56.166224,54.0072,0.1965,0.1808,0.4174,0.1505,0.4076,0.3871,0.1241,0.434,0.3343,0.2278,0.3343,0.4291
2020-06-03 10:41:56.259824,54.1008,0.2014,0.1818,0.4145,0.1505,0.4076,0.3871,0.1241,0.434,0.3343,0.2278,0.3343,0.4291
2020-06-03 10:41:56.369024,54.21,0.087,0.1085,0.3969,0.0831,0.3754,0.3715,0.1848,0.4702,0.3304,0.2414,0.3578,0.4594
2020-06-03 10:41:56.462624,54.3036,0.0841,0.1046,0.4076,0.0821,0.3793,0.3578,0.1935,0.4682,0.3372,0.2434,0.3617,0.4604
2020-06-03 10:41:56.571824,54.4128,0.1554,0.1769,0.433,0.1173,0.3891,0.3216,0.1867,0.4585,0.3196,0.2463,0.3529,0.4545
2020-06-03 10:41:56.665424,54.5064,0.4536,0.306,0.4848,0.1632,0.4066,0.3118,0.0929,0.4066,0.2278,0.2414,0.3138,0.433
2020-06-03 10:41:56.774624,54.6156,0.3636,0.262,0.4448,0.1564,0.4135,0.4047,0.0811,0.3812,0.2268,0.2053,0.3109,0.4262
2020-06-03 10:41:56.868224,54.7092,0.3754,0.2698,0.4448,0.1564,0.4135,0.4047,0.0811,0.3812,0.2268,0.2053,0.3109,0.4262
2020-06-03 10:41:56.961824,54.8028,0.3832,0.2952,0.4702,0.1916,0.4311,0.4076,0.0,0.3001,0.0919,0.1623,0.2835,0.4057
2020-06-03 10:41:57.071024,54.912,0.3646,0.2933,0.4741,0.1994,0.4311,0.4076,0.0,0.3001,0.0919,0.1623,0.2835,0.4057
2020-06-03 10:41:57.164624,55.0056,0.261,0.2463,0.48,0.2297,0.393,0.3382,0.0,0.2678,0.1251,0.1838,0.2845,0.4018
2020-06-03 10:41:57.273824,55.1148,0.2141,0.2209,0.4467,0.1867,0.4027,0.3587,0.0,0.35,0.2248,0.2102,0.2913,0.4125
2020-06-03 10:41:57.367424,55.2084,0.2307,0.2239,0.4448,0.1867,0.4027,0.3587,0.0,0.35,0.2248,0.2102,0.2913,0.4125
2020-06-03 10:41:57.461024,55.302,0.2209,0.2102,0.393,0.1437,0.4018,0.3988,0.0714,0.4096,0.3128,0.2395,0.3157,0.4252
2020-06-03 10:41:57.570224,55.4112,0.0215,0.0156,0.3715,0.1417,0.3969,0.393,0.1369,0.4516,0.3255,0.2502,0.349,0.4516
2020-06-03 10:41:57.663824,55.5048,0.0,0.001,0.3715,0.1417,0.3969,0.393,0.1369,0.4516,0.3255,0.2502,0.349,0.4516
2020-06-03 10:41:57.773024,55.614,0.0,0.002,0.3891,0.1505,0.3998,0.3314,0.1828,0.433,0.2239,0.2385,0.3392,0.4399
2020-06-03 10:41:57.866624,55.7076,0.3402,0.2649,0.4673,0.1808,0.4047,0.2786,0.0029,0.3754,0.2326,0.2454,0.3245,0.436
2020-06-03 10:41:57.960224,55.8012,0.3402,0.26,0.4673,0.1808,0.4047,0.2835,0.0,0.3705,0.2414,0.2473,0.3245,0.436
2020-06-03 10:41:58.069424,55.9104,0.3939,0.2678,0.435,0.174,0.4379,0.433,0.044,0.3754,0.2366,0.2004,0.305,0.4194
2020-06-03 10:41:58.163024,56.004,0.4086,0.2727,0.4379,0.174,0.4379,0.433,0.044,0.3754,0.2366,0.2004,0.305,0.4194
2020-06-03 10:41:58.272224,56.1132,0.3793,0.263,0.4428,0.1818,0.4555,0.4389,0.0,0.2346,0.0587,0.1544,0.2385,0.3773
2020-06-03 10:41:58.365824,56.2068,0.175,0.2102,0.4428,0.1975,0.4282,0.3988,0.0,0.2874,0.0606,0.1408,0.2405,0.3744
2020-06-03 10:41:58.475024,56.316,0.1505,0.173,0.437,0.1926,0.4282,0.3988,0.0,0.2874,0.0606,0.1408,0.2405,0.3744
2020-06-03 10:41:58.568624,56.4096,0.087,0.1095,0.4008,0.172,0.4096,0.3891,0.0528,0.3734,0.2512,0.2131,0.2757,0.3891
2020-06-03 10:41:58.662224,56.5032,0.1095,0.1163,0.4027,0.1691,0.4106,0.3891,0.0655,0.3754,0.2561,0.2131,0.2757,0.3891
2020-06-03 10:41:58.771424,56.6124,0.1848,0.1271,0.3773,0.1124,0.3832,0.3812,0.0577,0.3871,0.1701,0.2151,0.2757,0.4027
2020-06-03 10:41:58.865024,56.706,0.0,0.0,0.3275,0.0538,0.347,0.3421,0.1408,0.4604,0.2502,0.2268,0.3353,0.4477
2020-06-03 10:41:58.974224,56.8152,0.1075,0.1916,0.4477,0.131,0.3715,0.303,0.1965,0.4692,0.2796,0.2336,0.3314,0.4438
2020-06-03 10:41:59.067824,56.9088,0.1417,0.1916,0.4477,0.131,0.3715,0.303,0.1965,0.4692,0.2796,0.2336,0.3314,0.4438
2020-06-03 10:41:59.161424,57.0024,0.2297,0.2473,0.4702,0.2063,0.4096,0.3206,0.0538,0.4037,0.2825,0.2454,0.3245,0.437
2020-06-03 10:41:59.270624,57.1116,0.2248,0.2444,0.4624,0.1955,0.4096,0.3206,0.0538,0.4037,0.2825,0.2454,0.3245,0.437
2020-06-03 10:41:59.364224,57.2052,0.3187,0.2395,0.4448,0.176,0.4311,0.433,0.0811,0.3881,0.2434,0.1896,0.3001,0.4233
2020-06-03 10:41:59.473424,57.3144,0.3089,0.2463,0.4428,0.1623,0.4477,0.433,0.0,0.2874,0.1144,0.1701,0.2835,0.4027
2020-06-03 10:41:59.567024,57.408,0.2962,0.2434,0.4428,0.1623,0.4477,0.433,0.0,0.2874,0.1144,0.1701,0.2835,0.4027
2020-06-03 10:41:59.660624,57.5016,0.1955,0.2395,0.4594,0.1848,0.4174,0.3744,0.0,0.3138,0.1916,0.1681,0.2649,0.3793
2020-06-03 10:41:59.769824,57.6108,0.2004,0.2072,0.4154,0.1329,0.4008,0.3773,0.0909,0.4027,0.3079,0.216,0.2884,0.3959
2020-06-03 10:41:59.863424,57.7044,0.1935,0.1916,0.4027,0.1329,0.4008,0.3773,0.0909,0.4027,0.3079,0.216,0.2884,0.3959
2020-06-03 10:41:59.972624,57.8136,0.1887,0.1398,0.3255,0.0371,0.3451,0.3372,0.1222,0.4379,0.2933,0.2004,0.305,0.4164
2020-06-03 10:42:00.066224,57.9072,0.172,0.1281,0.2874,0.0303,0.3255,0.3314,0.1701,0.4487,0.2933,0.1965,0.305,0.4164
2020-06-03 10:42:00.159824,58.0008,0.1427,0.0929,0.3157,0.0078,0.3196,0.2815,0.2033,0.4731,0.2845,0.2072,0.3363,0.4428
2020-06-03 10:42:00.269024,58.11,0.2434,0.2385,0.4184,0.0919,0.3539,0.2991,0.1222,0.4213,0.2845,0.2317,0.3069,0.4184
2020-06-03 10:42:00.362624,58.2036,0.2766,0.2473,0.4184,0.0919,0.3539,0.2991,0.1222,0.4213,0.2845,0.2317,0.303,0.4125
2020-06-03 10:42:00.471824,58.3128,0.2532,0.2688,0.4506,0.1887,0.3891,0.3685,0.0958,0.3969,0.2747,0.2033,0.305,0.4154
2020-06-03 10:42:00.565424,58.4064,0.2884,0.2786,0.4555,0.2151,0.4291,0.4135,0.044,0.3646,0.2121,0.1818,0.3001,0.4213
2020-06-03 10:42:00.674624,58.5156,0.2893,0.2786,0.4555,0.2151,0.4291,0.4135,0.044,0.3646,0.2121,0.1818,0.3001,0.4213
2020-06-03 10:42:00.768224,58.6092,0.3724,0.2972,0.4673,0.2151,0.4506,0.4409,0.0,0.3363,0.1378,0.174,0.2933,0.4106
2020-06-03 10:42:00.861824,58.7028,0.2923,0.2463,0.4184,0.1486,0.3959,0.3597,0.0371,0.3812,0.1916,0.1984,0.3245,0.4379
2020-06-03 10:42:00.971024,58.812,0.2444,0.2375,0.4145,0.1466,0.3959,0.3597,0.0371,0.3812,0.1916,0.1984,0.3245,0.4379
2020-06-03 10:42:01.064624,58.9056,0.3187,0.2463,0.4184,0.1486,0.4154,0.39,0.0,0.4223,0.2639,0.2375,0.3294,0.4409
2020-06-03 10:42:01.173824,59.0148,0.2933,0.2424,0.4008,0.1095,0.3773,0.4106,0.0606,0.4379,0.3089,0.2571,0.3421,0.4516
2020-06-03 10:42:01.267424,59.1084,0.2317,0.2297,0.4008,0.1095,0.3773,0.4106,0.0606,0.4389,0.3069,0.2542,0.3441,0.4536
2020-06-03 10:42:01.361024,59.202,0.0,0.0,0.4203,0.1417,0.3969,0.3675,0.1408,0.5171,0.3959,0.3148,0.3881,0.4946
2020-06-03 10:42:01.470224,59.3112,0.0,0.0029,0.4272,0.1417,0.3969,0.3675,0.1408,0.5171,0.3959,0.3148,0.3881,0.4946
2020-06-03 10:42:01.563824,59.4048,0.2805,0.2356,0.4526,0.1857,0.4027,0.3284,0.0997,0.4428,0.2972,0.262,0.3167,0.437
2020-06-03 10:42:01.673024,59.514,0.2248,0.2385,0.437,0.175,0.4115,0.4145,0.0371,0.393,0.3177,0.2571,0.3275,0.436
2020-06-03 10:42:01.766624,59.6076,0.2199,0.2375,0.437,0.175,0.4115,0.4145,0.0371,0.393,0.3177,0.2571,0.3275,0.436
2020-06-03 10:42:01.860224,59.7012,0.3382,0.263,0.4389,0.1769,0.436,0.4448,0.0,0.3431,0.2141,0.2121,0.3157,0.4379
2020-06-03 10:42:01.969424,59.8104,0.3265,0.2678,0.4585,0.2053,0.4438,0.437,0.0,0.3148,0.1202,0.174,0.2913,0.4135
2020-06-03 10:42:02.063024,59.904,0.3118,0.2678,0.4604,0.2053,0.4438,0.437,0.0,0.3148,0.1202,0.174,0.2913,0.4135
