timestamp,interval(s),volt_0,volt_1,volt_2,volt_3,volt_4,volt_5,volt_6,volt_7,volt_8,volt_9,volt_10,volt_11
2020-06-16 14:26:31.474913,0.0,0.0127,0.0,0.0,0.0,0.0,0.0,-1,-1,-1,-1,-1,-1
2020-06-16 14:26:31.584113,0.1092,0.0127,0.0,0.0,0.0,0.0,0.0,0.0,0.0,0.0098,0.0,0.0196,0.0352
2020-06-16 14:26:31.677713,0.2028,0.0127,0.0,0.0,0.0,0.0,0.0,0.0,0.0,0.0068,0.0,0.0196,0.0362
2020-06-16 14:26:31.786913,0.312,0.0127,0.0,0.0,0.0,0.0,0.0,0.0,0.0,0.0059,0.0,0.0196,0.0352
2020-06-16 14:26:31.880513,0.4056,0.0127,0.0,0.0,0.0,0.0,0.0,0.0,0.0,0.0059,0.0,0.0205,0.0352
2020-06-16 14:26:31.989713,0.5148,0.0137,0.0,0.0,0.0,0.0,0.0,0.0,0.0,0.0068,0.0,0.0196,0.0342
2020-06-16 14:26:32.083313,0.6084,0.0127,0.0,0.0,0.0,0.0,0.0,0.0,0.0,0.0068,0.0,0.0196,0.0352
2020-06-16 14:26:32.176913,0.702,0.0127,0.0,0.0,0.0,0.0,0.0,0.0,0.0,0.0068,0.0,0.0196,0.0352
2020-06-16 14:26:32.286113,0.8112,0.0127,0.0,0.0,0.0,0.0,0.0,0.0,0.0,0.0068,0.0,0.0205,0.0352
2020-06-16 14:26:32.379713,0.9048,0.0127,0.0,0.0,0.0,0.0,0.0,0.0,0.0,0.0068,0.0,0.0196,0.0352
2020-06-16 14:26:32.488913,1.014,0.0117,0.0,0.0,0.0,0.0,0.0,0.0,0.0,0.0049,0.0,0.0196,0.0352
2020-06-16 14:26:32.582513,1.1076,0.0127,0.0,0.0,0.0,0.0,0.0,0.0,0.0,0.0049,0.0,0.0196,0.0352
2020-06-16 14:26:32.676113,1.2012,0.0127,0.0,0.0,0.0,0.0,0.0,0.0,0.0,0.0068,0.0,0.0196,0.0342
2020-06-16 14:26:32.785313,1.3104,0.0127,0.0,0.0,0.0,0.0,0.0,0.0,0.0,0.0059,0.0,0.0215,0.0352
2020-06-16 14:26:32.878913,1.404,0.0127,0.0,0.0,0.0,0.0,0.0,0.0,0.0,0.0059,0.0,0.0196,0.0342
2020-06-16 14:26:32.988113,1.5132,0.0127,0.0,0.0,0.0,0.0,0.0,0.0,0.0,0.0049,0.0,0.0196,0.0352
2020-06-16 14:26:33.081713,1.6068,0.0127,0.0,0.0,0.0,0.0,0.0,0.0,0.0,0.0068,0.0,0.0196,0.0342
2020-06-16 14:26:33.190913,1.716,0.0127,0.0,0.0,0.0,0.0,0.0,0.0,0.0,0.0068,0.0,0.0196,0.0352
2020-06-16 14:26:33.284513,1.8096,0.0137,0.0,0.0,0.0,0.0,0.0,0.0,0.0,0.0049,0.0,0.0196,0.0352
2020-06-16 14:26:33.378113,1.9032,0.0117,0.0,0.0,0.0,0.0,0.0,0.0,0.0,0.0059,0.0,0.0196,0.0342
2020-06-16 14:26:33.487313,2.0124,0.0127,0.0,0.0,0.0,0.0,0.0,0.0,0.0,0.0068,0.0,0.0196,0.0352
2020-06-16 14:26:33.580913,2.106,0.0127,0.0,0.0,0.0,0.0,0.0,0.0,0.0,0.0059,0.0,0.0205,0.0352
2020-06-16 14:26:33.690113,2.2152,0.0127,0.0,0.0,0.0,0.0,0.0,0.0,0.0,0.0059,0.0,0.0196,0.0352
2020-06-16 14:26:33.783713,2.3088,0.0127,0.0,0.0,0.0,0.0,0.0,0.0,0.0,0.0059,0.0,0.0196,0.0342
2020-06-16 14:26:33.877313,2.4024,0.0117,0.0,0.0,0.0,0.0,0.0,0.0,0.0,0.0059,0.0,0.0196,0.0352
2020-06-16 14:26:33.986513,2.5116,0.0127,0.0,0.0,0.0,0.0,0.0,0.0,0.0,0.0059,0.0,0.0196,0.0352
2020-06-16 14:26:34.080113,2.6052,0.0127,0.0,0.0,0.0,0.0,0.0,0.0,0.0,0.0049,0.0,0.0196,0.0352
2020-06-16 14:26:34.189313,2.7144,0.0137,0.0,0.0,0.0,0.0,0.0,0.0,0.0,0.0059,0.0,0.0196,0.0352
2020-06-16 14:26:34.282913,2.808,0.0117,0.0,0.0,0.0,0.0,0.0,0.0,0.0,0.0068,0.0,0.0196,0.0342
2020-06-16 14:26:34.376513,2.9016,0.0127,0.0,0.0,0.0,0.0,0.0,0.0,0.0,0.0049,0.0,0.0196,0.0342
2020-06-16 14:26:34.485713,3.0108,0.0127,0.0,0.0,0.0,0.0,0.0,0.0,0.0,0.0049,0.0,0.0186,0.0342
2020-06-16 14:26:34.579313,3.1044,0.0127,0.0,0.0,0.0,0.0,0.0,0.0,0.0,0.0059,0.0,0.0205,0.0352
2020-06-16 14:26:34.688513,3.2136,0.0127,0.0,0.0,0.0,0.0,0.0,0.0,0.0,0.0068,0.0,0.0205,0.0352
2020-06-16 14:26:34.782113,3.3072,0.0127,0.0,0.0,0.0,0.0,0.0,0.0,0.0,0.0059,0.0,0.0196,0.0352
2020-06-16 14:26:34.875713,3.4008,0.0117,0.0,0.0,0.0,0.0,0.0,0.0,0.0,0.0059,0.0,0.0196,0.0352
2020-06-16 14:26:34.984913,3.51,0.0127,0.0,0.0,0.0,0.0,0.0,0.0,0.0,0.0068,0.0,0.0196,0.0362
2020-06-16 14:26:35.078513,3.6036,0.0137,0.0,0.0,0.0,0.0,0.0,0.0,0.0,0.0059,0.0,0.0196,0.0352
2020-06-16 14:26:35.187713,3.7128,0.0127,0.0,0.0,0.0,0.0,0.0,0.0,0.0,0.0049,0.0,0.0205,0.0352
2020-06-16 14:26:35.281313,3.8064,0.0127,0.0,0.0,0.0,0.0,0.0,0.0,0.0,0.0068,0.0,0.0196,0.0352
2020-06-16 14:26:35.390513,3.9156,0.0117,0.0,0.0,0.0,0.0,0.0,0.0,0.0,0.0059,0.0,0.0196,0.0352
2020-06-16 14:26:35.484113,4.0092,0.0127,0.0,0.0,0.0,0.0,0.0,0.0,0.0,0.0059,0.0,0.0196,0.0352
2020-06-16 14:26:35.577713,4.1028,0.0117,0.0,0.0,0.0,0.0,0.0,0.0,0.0,0.0049,0.0,0.0196,0.0352
2020-06-16 14:26:35.686913,4.212,0.0127,0.0,0.0,0.0,0.0,0.0,0.0,0.0,0.0059,0.0,0.0196,0.0352
2020-06-16 14:26:35.780513,4.3056,0.0127,0.0,0.0,0.0,0.0,0.0,0.0,0.0,0.0068,0.0,0.0196,0.0352
2020-06-16 14:26:35.889713,4.4148,0.0127,0.0,0.0,0.0,0.0,0.0,0.0,0.0,0.0068,0.0,0.0196,0.0352
2020-06-16 14:26:35.983313,4.5084,0.0127,0.0,0.0,0.0,0.0,0.0,0.0,0.0,0.0049,0.0,0.0196,0.0352
2020-06-16 14:26:36.076913,4.602,0.0127,0.0,0.0,0.0,0.0,0.0,0.0,0.0,0.0059,0.0,0.0205,0.0352
2020-06-16 14:26:36.186113,4.7112,0.0127,0.0,0.0,0.0,0.0,0.0,0.0,0.0,0.0068,0.0,0.0196,0.0342
2020-06-16 14:26:36.279713,4.8048,0.0117,0.0,0.0,0.0,0.0,0.0,0.0,0.0,0.0059,0.0,0.0196,0.0352
2020-06-16 14:26:36.388913,4.914,0.0127,0.0,0.0,0.0,0.0,0.0,0.0,0.0,0.0049,0.0,0.0196,0.0342
2020-06-16 14:26:36.482513,5.0076,0.0127,0.0,0.0,0.0,0.0,0.0,0.0,0.0,0.0059,0.0,0.0205,0.0342
2020-06-16 14:26:36.576113,5.1012,0.0127,0.0,0.0,0.0,0.0,0.0,0.0,0.0,0.0068,0.0,0.0196,0.0352
2020-06-16 14:26:36.685313,5.2104,0.0127,0.0,0.0,0.0,0.0,0.0,0.0,0.0,0.0049,0.0,0.0196,0.0352
2020-06-16 14:26:36.778913,5.304,0.0127,0.0,0.0,0.0,0.0,0.0,0.0,0.0,0.0049,0.0,0.0196,0.0352
2020-06-16 14:26:36.888113,5.4132,0.0127,0.0,0.0,0.0,0.0,0.0,0.0,0.0,0.0059,0.0,0.0205,0.0342
2020-06-16 14:26:36.981713,5.5068,0.0127,0.0,0.0,0.0,0.0,0.0,0.0,0.0,0.0068,0.0,0.0196,0.0352
2020-06-16 14:26:37.090913,5.616,0.0117,0.0,0.0,0.0,0.0,0.0,0.0,0.0,0.0049,0.0,0.0196,0.0352
2020-06-16 14:26:37.184513,5.7096,0.0127,0.0,0.0,0.0,0.0,0.0,0.0,0.0,0.0049,0.0,0.0196,0.0342
2020-06-16 14:26:37.278113,5.8032,0.0127,0.0,0.0,0.0,0.0,0.0,0.0,0.0,0.0068,0.0,0.0205,0.0352
2020-06-16 14:26:37.387313,5.9124,0.0127,0.0,0.0,0.0,0.0,0.0,0.0,0.0,0.0059,0.0,0.0205,0.0352
2020-06-16 14:26:37.480913,6.006,0.0117,0.0,0.0,0.0,0.0,0.0,0.0,0.0,0.0059,0.0,0.0196,0.0352
2020-06-16 14:26:37.590113,6.1152,0.0117,0.0,0.0,0.0,0.0,0.0,0.0,0.0,0.0049,0.0,0.0196,0.0352
2020-06-16 14:26:37.683713,6.2088,0.0127,0.0,0.0,0.0,0.0,0.0,0.0,0.0,0.0068,0.0,0.0196,0.0352
2020-06-16 14:26:37.777313,6.3024,0.0127,0.0,0.0,0.0,0.0,0.0,0.0,0.0,0.0068,0.0,0.0196,0.0352
2020-06-16 14:26:37.886513,6.4116,0.0127,0.0,0.0,0.0,0.0,0.0,0.0,0.0,0.0049,0.0,0.0196,0.0342
2020-06-16 14:26:37.980113,6.5052,0.0117,0.0,0.0,0.0,0.0,0.0,0.0,0.0,0.0059,0.0,0.0196,0.0352
2020-06-16 14:26:38.089313,6.6144,0.0117,0.0,0.0,0.0,0.0,0.0,0.0,0.0,0.0068,0.0,0.0196,0.0352
2020-06-16 14:26:38.182913,6.708,0.0127,0.0,0.0,0.0,0.0,0.0,0.0,0.0,0.0068,0.0,0.0196,0.0352
2020-06-16 14:26:38.276513,6.8016,0.0117,0.0,0.0,0.0,0.0,0.0,0.0,0.0,0.0059,0.0,0.0196,0.0342
2020-06-16 14:26:38.385713,6.9108,0.0127,0.0,0.0,0.0,0.0,0.0,0.0,0.0,0.0049,0.0,0.0205,0.0362
2020-06-16 14:26:38.479313,7.0044,0.0117,0.0,0.0,0.0,0.0,0.0,0.0,0.0,0.0068,0.0,0.0196,0.0352
2020-06-16 14:26:38.588513,7.1136,0.0127,0.0,0.0,0.0,0.0,0.0,0.0,0.0,0.0068,0.0,0.0196,0.0352
2020-06-16 14:26:38.682113,7.2072,0.0127,0.0,0.0,0.0,0.0,0.0,0.0,0.0,0.0059,0.0,0.0196,0.0352
2020-06-16 14:26:38.775713,7.3008,0.0127,0.0,0.0362,0.0,0.0,0.0,0.0,0.0,0.0059,0.0,0.0196,0.0352
2020-06-16 14:26:38.884913,7.41,0.0117,0.0,0.0,0.0,0.0,0.0,0.0,0.0,0.0068,0.0,0.0196,0.0352
2020-06-16 14:26:38.978513,7.5036,0.0127,0.0,0.0049,0.0,0.0,0.0,0.0,0.0,0.0059,0.0,0.0196,0.0342
2020-06-16 14:26:39.087713,7.6128,0.0117,0.0,0.4008,0.0,0.0,0.0,0.0,0.0,0.0049,0.0,0.0196,0.0352
2020-06-16 14:26:39.181313,7.7064,0.0127,0.0,0.4878,0.0,0.0,0.0,0.0,0.0,0.0059,0.0,0.0205,0.0342
2020-06-16 14:26:39.290513,7.8156,0.0117,0.0,0.4663,0.0,0.0,0.0,0.0,0.0,0.0059,0.0,0.0196,0.0342
2020-06-16 14:26:39.384113,7.9092,0.0127,0.0,0.1564,0.0,0.0,0.0,0.0,0.0,0.0059,0.0,0.0196,0.0342
2020-06-16 14:26:39.477713,8.0028,0.0127,0.0,0.0655,0.0,0.0,0.0,0.0,0.0,0.0059,0.0,0.0205,0.0352
2020-06-16 14:26:39.586913,8.112,0.0127,0.0,0.2854,0.0,0.0,0.0,0.0,0.0,0.0068,0.0,0.0196,0.0352
2020-06-16 14:26:39.680513,8.2056,0.0127,0.0,0.4203,0.0,0.0,0.0,0.0,0.0,0.0059,0.0,0.0196,0.0352
2020-06-16 14:26:39.789713,8.3148,0.0127,0.0,0.5024,0.0,0.0,0.0,0.0,0.0,0.0059,0.0,0.0196,0.0352
2020-06-16 14:26:39.883313,8.4084,0.0117,0.0,0.5083,0.0,0.0,0.0,0.0,0.0,0.0049,0.0,0.0196,0.0352
2020-06-16 14:26:39.976913,8.502,0.0127,0.0,0.4145,0.0,0.0,0.0,0.0,0.0,0.0068,0.0,0.0196,0.0362
2020-06-16 14:26:40.086113,8.6112,0.0127,0.0,0.0342,0.0,0.0,0.0,0.0,0.0,0.0059,0.0,0.0196,0.0352
2020-06-16 14:26:40.179713,8.7048,0.0098,0.0,0.0352,0.0,0.0,0.0,0.0,0.0,0.0049,0.0,0.0205,0.0352
2020-06-16 14:26:40.288913,8.814,0.0117,0.0,0.217,0.0,0.0,0.0,0.0,0.0,0.0049,0.0,0.0196,0.0342
2020-06-16 14:26:40.382513,8.9076,0.0117,0.0,0.4682,0.0,0.0,0.0,0.0,0.0,0.0068,0.0,0.0196,0.0352
2020-06-16 14:26:40.476113,9.0012,0.0117,0.0,0.5347,0.0,0.0,0.0,0.0,0.0,0.0059,0.0,0.0196,0.0352
2020-06-16 14:26:40.585313,9.1104,0.0127,0.0,0.5552,0.0,0.0,0.0,0.0,0.0,0.0059,0.0,0.0196,0.0352
2020-06-16 14:26:40.678913,9.204,0.0127,0.0,0.4614,0.0,0.0,0.0,0.0,0.0,0.0049,0.0,0.0196,0.0352
2020-06-16 14:26:40.788113,9.3132,0.0117,0.0,0.0694,0.0,0.0,0.0,0.0,0.0,0.0068,0.0,0.0196,0.0352
2020-06-16 14:26:40.881713,9.4068,0.0127,0.0,0.0225,0.0,0.0,0.0,0.0,0.0,0.0059,0.0,0.0196,0.0362
2020-06-16 14:26:40.990913,9.516,0.0117,0.0,0.1623,0.0,0.0,0.0,0.0,0.0,0.0059,0.0,0.0196,0.0362
2020-06-16 14:26:41.084513,9.6096,0.0127,0.0,0.35,0.0,0.0,0.0,0.0,0.0,0.0059,0.0,0.0196,0.0352
2020-06-16 14:26:41.178113,9.7032,0.0117,0.0,0.4702,0.0,0.0,0.0,0.0,0.0,0.0059,0.0,0.0196,0.0352
2020-06-16 14:26:41.287313,9.8124,0.0117,0.0,0.52,0.0,0.0,0.0,0.0,0.0,0.0068,0.0,0.0196,0.0342
2020-06-16 14:26:41.380913,9.906,0.0127,0.0,0.523,0.0,0.0,0.0,0.0,0.0,0.0049,0.0,0.0196,0.0352
2020-06-16 14:26:41.490113,10.0152,0.0127,0.0,0.4037,0.0,0.0,0.0,0.0,0.0,0.0059,0.0,0.0196,0.0342
2020-06-16 14:26:41.583713,10.1088,0.0127,0.0,0.0352,0.0,0.0,0.0,0.0,0.0,0.0059,0.0,0.0196,0.0342
2020-06-16 14:26:41.677313,10.2024,0.0127,0.0,0.0147,0.0,0.0,0.0,0.0,0.0,0.0059,0.0,0.0196,0.0352
2020-06-16 14:26:41.786513,10.3116,0.0127,0.0,0.172,0.0,0.0,0.0,0.0,0.0,0.0049,0.0,0.0196,0.0352
2020-06-16 14:26:41.880113,10.4052,0.0127,0.0,0.4379,0.0,0.0,0.0,0.0,0.0,0.0059,0.0,0.0196,0.0352
2020-06-16 14:26:41.989313,10.5144,0.0127,0.0,0.5513,0.0,0.0,0.0,0.0,0.0,0.0059,0.0,0.0196,0.0352
2020-06-16 14:26:42.082913,10.608,0.0117,0.0,0.5621,0.0,0.0,0.0,0.0,0.0,0.0059,0.0,0.0196,0.0342
2020-06-16 14:26:42.176513,10.7016,0.0117,0.0,0.4438,0.0,0.0,0.0,0.0,0.0,0.0049,0.0,0.0196,0.0342
2020-06-16 14:26:42.285713,10.8108,0.0127,0.0,0.0547,0.0,0.0,0.0,0.0,0.0,0.0068,0.0,0.0196,0.0352
2020-06-16 14:26:42.379313,10.9044,0.0127,0.0,0.0049,0.0,0.0,0.0,0.0,0.0,0.0059,0.0,0.0196,0.0352
2020-06-16 14:26:42.488513,11.0136,0.0127,0.0,0.1887,0.0,0.0,0.0,0.0,0.0,0.0049,0.0,0.0205,0.0352
2020-06-16 14:26:42.582113,11.1072,0.0117,0.0,0.4106,0.0,0.0,0.0,0.0,0.0,0.0049,0.0,0.0196,0.0352
2020-06-16 14:26:42.675713,11.2008,0.0117,0.0,0.477,0.0,0.0,0.0,0.0,0.0,0.0068,0.0,0.0196,0.0352
2020-06-16 14:26:42.784913,11.31,0.0127,0.0,0.5572,0.0,0.0,0.0,0.0,0.0,0.0059,0.0,0.0196,0.0352
2020-06-16 14:26:42.878513,11.4036,0.0127,0.0,0.5523,0.0,0.0,0.0,0.0,0.0,0.0059,0.0,0.0196,0.0342
2020-06-16 14:26:42.987713,11.5128,0.0127,0.0,0.3744,0.0,0.0,0.0,0.0,0.0,0.0049,0.0,0.0196,0.0352
2020-06-16 14:26:43.081313,11.6064,0.0127,0.0,0.0235,0.0,0.0,0.0,0.0,0.0,0.0068,0.0,0.0196,0.0342
2020-06-16 14:26:43.190513,11.7156,0.0117,0.0,0.0411,0.0,0.0,0.0,0.0,0.0,0.0068,0.0,0.0196,0.0352
2020-06-16 14:26:43.284113,11.8092,0.0127,0.0,0.1652,0.0,0.0,0.0,0.0,0.0,0.0059,0.0,0.0196,0.0352
2020-06-16 14:26:43.377713,11.9028,0.0127,0.0,0.3304,0.0,0.0,0.0,0.0,0.0,0.0068,0.0,0.0196,0.0342
2020-06-16 14:26:43.486913,12.012,0.0127,0.0,0.5152,0.0,0.0,0.0,0.0,0.0,0.0059,0.0,0.0196,0.0352
2020-06-16 14:26:43.580513,12.1056,0.0117,0.0,0.565,0.0,0.0,0.0,0.0,0.0,0.0068,0.0,0.0196,0.0352
2020-06-16 14:26:43.689713,12.2148,0.0127,0.0,0.5621,0.0,0.0,0.0,0.0,0.0,0.0049,0.0,0.0196,0.0352
2020-06-16 14:26:43.783313,12.3084,0.0127,0.0,0.4897,0.0,0.0,0.0,0.0,0.0,0.0059,0.0,0.0196,0.0342
2020-06-16 14:26:43.876913,12.402,0.0117,0.0,0.0459,0.0,0.0,0.0,0.0,0.0,0.0068,0.0,0.0196,0.0352
2020-06-16 14:26:43.986113,12.5112,0.0127,0.0,0.0088,0.0,0.0,0.0,0.0,0.0,0.0059,0.0,0.0196,0.0352
2020-06-16 14:26:44.079713,12.6048,0.0117,0.0,0.0352,0.0,0.0,0.0,0.0,0.0,0.0039,0.0,0.0196,0.0352
2020-06-16 14:26:44.188913,12.714,0.0127,0.0,0.2581,0.0,0.0,0.0,0.0,0.0,0.0049,0.0,0.0196,0.0342
2020-06-16 14:26:44.282513,12.8076,0.0127,0.0,0.4702,0.0,0.0,0.0,0.0,0.0,0.0068,0.0,0.0196,0.0352
2020-06-16 14:26:44.376113,12.9012,0.0117,0.0,0.5367,0.0,0.0,0.0,0.0,0.0,0.0059,0.0,0.0196,0.0342
2020-06-16 14:26:44.485313,13.0104,0.0108,0.0,0.563,0.0,0.0,0.0,0.0,0.0,0.0059,0.0,0.0196,0.0362
2020-06-16 14:26:44.578913,13.104,0.0117,0.0,0.5582,0.0,0.0,0.0,0.0,0.0,0.0059,0.0,0.0196,0.0352
2020-06-16 14:26:44.688113,13.2132,0.0117,0.0,0.4545,0.0,0.0,0.0,0.0,0.0,0.0068,0.0,0.0205,0.0352
2020-06-16 14:26:44.781713,13.3068,0.0127,0.0,0.0518,0.0,0.0,0.0,0.0,0.0,0.0059,0.0,0.0205,0.0352
2020-06-16 14:26:44.890913,13.416,0.0127,0.0,0.0098,0.0,0.0,0.0,0.0,0.0,0.0049,0.0,0.0196,0.0362
2020-06-16 14:26:44.984513,13.5096,0.0127,0.0,0.1388,0.0,0.0,0.0,0.0,0.0,0.0068,0.0,0.0196,0.0352
2020-06-16 14:26:45.078113,13.6032,0.0127,0.0,0.3675,0.0,0.0,0.0,0.0,0.0,0.0068,0.0,0.0205,0.0352
2020-06-16 14:26:45.187313,13.7124,0.0117,0.0,0.5171,0.0,0.0,0.0,0.0,0.0,0.0059,0.0,0.0196,0.0352
2020-06-16 14:26:45.280913,13.806,0.0117,0.0,0.5591,0.0,0.0,0.0,0.0,0.0,0.0068,0.0,0.0196,0.0352
2020-06-16 14:26:45.390113,13.9152,0.0117,0.0,0.563,0.0,0.0,0.0,0.0,0.0,0.0059,0.0,0.0196,0.0352
2020-06-16 14:26:45.483713,14.0088,0.0117,0.0,0.4731,0.0,0.0,0.0,0.0,0.0,0.0068,0.0,0.0196,0.0342
2020-06-16 14:26:45.577313,14.1024,0.0127,0.0,0.0762,0.0,0.0,0.0,0.0,0.0,0.0049,0.0,0.0196,0.0352
2020-06-16 14:26:45.686513,14.2116,0.0127,0.0,0.0293,0.0,0.0,0.0,0.0,0.0,0.0059,0.0,0.0196,0.0352
2020-06-16 14:26:45.780113,14.3052,0.0127,0.0,0.2082,0.0,0.0,0.0,0.0,0.0,0.0068,0.0,0.0196,0.0342
2020-06-16 14:26:45.889313,14.4144,0.0127,0.0,0.4594,0.0,0.0,0.0,0.0,0.0,0.0068,0.0,0.0196,0.0342
2020-06-16 14:26:45.982913,14.508,0.0127,0.0,0.4995,0.0,0.0,0.0,0.0,0.0,0.0049,0.0,0.0196,0.0352
2020-06-16 14:26:46.076513,14.6016,0.0127,0.0,0.5367,0.0,0.0,0.0,0.0,0.0,0.0059,0.0,0.0196,0.0342
2020-06-16 14:26:46.185713,14.7108,0.0117,0.0,0.5758,0.0,0.0,0.0,0.0,0.0,0.0059,0.0,0.0196,0.0352
2020-06-16 14:26:46.279313,14.8044,0.0117,0.0,0.5787,0.0,0.0,0.0,0.0,0.0,0.0059,0.0,0.0196,0.0352
2020-06-16 14:26:46.388513,14.9136,0.0127,0.0,0.521,0.0,0.0,0.0,0.0,0.0,0.0049,0.0,0.0205,0.0352
2020-06-16 14:26:46.482113,15.0072,0.0127,0.0,0.3236,0.0,0.0,0.0,0.0,0.0,0.0059,0.0,0.0205,0.0352
2020-06-16 14:26:46.575713,15.1008,0.0127,0.0,0.1603,0.0,0.0,0.0,0.0,0.0,0.0068,0.0,0.0196,0.0352
2020-06-16 14:26:46.684913,15.21,0.0127,0.0,0.045,0.0,0.0,0.0,0.0,0.0,0.0049,0.0,0.0196,0.0352
2020-06-16 14:26:46.778513,15.3036,0.0117,0.0,0.261,0.0,0.0,0.0,0.0,0.0,0.0049,0.0,0.0196,0.0342
2020-06-16 14:26:46.887713,15.4128,0.0117,0.0,0.4604,0.0,0.0,0.0,0.0,0.0,0.0059,0.0,0.0205,0.0352
2020-06-16 14:26:46.981313,15.5064,0.0127,0.0,0.5582,0.0,0.0,0.0,0.0,0.0,0.0059,0.0,0.0196,0.0352
2020-06-16 14:26:47.090513,15.6156,0.0117,0.0,0.5943,0.0,0.0,0.0,0.0,0.0,0.0068,0.0,0.0196,0.0352
2020-06-16 14:26:47.184113,15.7092,0.0117,0.0,0.6002,0.0,0.0,0.0,0.0,0.0,0.0049,0.0,0.0196,0.0342
2020-06-16 14:26:47.277713,15.8028,0.0117,0.0,0.5963,0.0,0.0,0.0,0.0,0.0,0.0059,0.0,0.0196,0.0352
2020-06-16 14:26:47.386913,15.912,0.0127,0.0,0.4008,0.0,0.0,0.0,0.0,0.0,0.0059,0.0,0.0196,0.0352
2020-06-16 14:26:47.480513,16.0056,0.0137,0.0,0.0645,0.0,0.0,0.0,0.0,0.0,0.0059,0.0,0.0196,0.0342
2020-06-16 14:26:47.589713,16.1148,0.0117,0.0,0.1564,0.0,0.0,0.0,0.0,0.0,0.0049,0.0,0.0196,0.0352
2020-06-16 14:26:47.683313,16.2084,0.0127,0.0,0.1808,0.0,0.0,0.0,0.0,0.0,0.0059,0.0,0.0196,0.0352
2020-06-16 14:26:47.776913,16.302,0.0127,0.0,0.3617,0.0,0.0,0.0,0.0,0.0,0.0059,0.0,0.0196,0.0362
2020-06-16 14:26:47.886113,16.4112,0.0137,0.0,0.4976,0.0,0.0,0.0,0.0,0.0,0.0059,0.0,0.0196,0.0352
2020-06-16 14:26:47.979713,16.5048,0.0117,0.0,0.5474,0.0,0.0,0.0,0.0,0.0,0.0049,0.0,0.0196,0.0342
2020-06-16 14:26:48.088913,16.614,0.0127,0.0,0.5621,0.0,0.0,0.0,0.0,0.0,0.0068,0.0,0.0205,0.0352
2020-06-16 14:26:48.182513,16.7076,0.0117,0.0,0.5591,0.0,0.0,0.0,0.0,0.0,0.0068,0.0,0.0196,0.0352
2020-06-16 14:26:48.276113,16.8012,0.0127,0.0,0.5611,0.0,0.0,0.0,0.0,0.0,0.0049,0.0,0.0196,0.0342
2020-06-16 14:26:48.385313,16.9104,0.0127,0.0,0.346,0.0,0.0,0.0,0.0,0.0,0.0049,0.0,0.0196,0.0352
2020-06-16 14:26:48.478913,17.004,0.0117,0.0,0.0332,0.0,0.0,0.0,0.0,0.0,0.0068,0.0,0.0196,0.0342
2020-06-16 14:26:48.588113,17.1132,0.0127,0.0,0.0352,0.0,0.0,0.0,0.0,0.0,0.0059,0.0,0.0196,0.0362
2020-06-16 14:26:48.681713,17.2068,0.0127,0.0,0.129,0.0,0.0,0.0,0.0,0.0,0.0049,0.0,0.0196,0.0362
2020-06-16 14:26:48.790913,17.316,0.0108,0.0,0.4545,0.0,0.0,0.0,0.0,0.0,0.0049,0.0,0.0196,0.0342
2020-06-16 14:26:48.884513,17.4096,0.0117,0.0,0.5279,0.0,0.0,0.0,0.0,0.0,0.0059,0.0,0.0205,0.0342
2020-06-16 14:26:48.978113,17.5032,0.0127,0.0,0.5689,0.0,0.0,0.0,0.0,0.0,0.0059,0.0,0.0196,0.0352
2020-06-16 14:26:49.087313,17.6124,0.0127,0.0,0.5709,0.0,0.0,0.0,0.0,0.0,0.0059,0.0,0.0196,0.0352
2020-06-16 14:26:49.180913,17.706,0.0127,0.0,0.5093,0.0,0.0,0.0,0.0,0.0,0.0049,0.0,0.0196,0.0352
2020-06-16 14:26:49.290113,17.8152,0.0127,0.0,0.089,0.0,0.0,0.0,0.0,0.0,0.0059,0.0,0.0196,0.0352
2020-06-16 14:26:49.383713,17.9088,0.0127,0.0,0.0,0.0,0.0,0.0,0.0,0.0,0.0068,0.0,0.0196,0.0352
2020-06-16 14:26:49.477313,18.0024,0.0127,0.0,0.0362,0.0,0.0,0.0,0.0,0.0,0.0049,0.0,0.0196,0.0352
2020-06-16 14:26:49.586513,18.1116,0.0127,0.0,0.1711,0.0,0.0,0.0,0.0,0.0,0.0059,0.0,0.0205,0.0362
2020-06-16 14:26:49.680113,18.2052,0.0137,0.0,0.4203,0.0,0.0,0.0,0.0,0.0,0.0059,0.0,0.0196,0.0352
2020-06-16 14:26:49.789313,18.3144,0.0127,0.0,0.5503,0.0,0.0,0.0,0.0,0.0,0.0059,0.0,0.0196,0.0352
2020-06-16 14:26:49.882913,18.408,0.0127,0.0,0.5816,0.0,0.0,0.0,0.0,0.0,0.0049,0.0,0.0196,0.0352
2020-06-16 14:26:49.976513,18.5016,0.0127,0.0,0.5904,0.0,0.0,0.0,0.0,0.0,0.0059,0.0,0.0196,0.0362
2020-06-16 14:26:50.085713,18.6108,0.0127,0.0,0.4809,0.0,0.0,0.0,0.0,0.0,0.0068,0.0,0.0205,0.0352
2020-06-16 14:26:50.179313,18.7044,0.0127,0.0,0.0391,0.0,0.0,0.0,0.0,0.0,0.0059,0.0,0.0205,0.0352
2020-06-16 14:26:50.288513,18.8136,0.0127,0.0,0.0342,0.0,0.0,0.0,0.0,0.0,0.0049,0.0,0.0196,0.0352
2020-06-16 14:26:50.382113,18.9072,0.0127,0.0,0.0987,0.0,0.0,0.0,0.0,0.0,0.0059,0.0,0.0196,0.0342
2020-06-16 14:26:50.475713,19.0008,0.0127,0.0,0.3196,0.0,0.0,0.0,0.0,0.0,0.0059,0.0,0.0196,0.0342
2020-06-16 14:26:50.584913,19.11,0.0127,0.0,0.5367,0.0,0.0,0.0,0.0,0.0,0.0059,0.0,0.0196,0.0352
2020-06-16 14:26:50.678513,19.2036,0.0127,0.0,0.5758,0.0,0.0,0.0,0.0,0.0,0.0049,0.0,0.0196,0.0352
2020-06-16 14:26:50.787713,19.3128,0.0127,0.0,0.5562,0.0,0.0,0.0,0.0,0.0,0.0059,0.0,0.0196,0.0352
2020-06-16 14:26:50.881313,19.4064,0.0127,0.0,0.35,0.0,0.0,0.0,0.0,0.0,0.0068,0.0,0.0205,0.0352
2020-06-16 14:26:50.990513,19.5156,0.0127,0.0,0.0147,0.0,0.0,0.0,0.0,0.0,0.0059,0.0,0.0205,0.0342
2020-06-16 14:26:51.084113,19.6092,0.0127,0.0,0.0,0.0,0.0,0.0,0.0,0.0,0.0059,0.0,0.0196,0.0352
2020-06-16 14:26:51.177713,19.7028,0.0127,0.0,0.0587,0.0,0.0,0.0,0.0,0.0,0.0068,0.0,0.0196,0.0352
2020-06-16 14:26:51.286913,19.812,0.0117,0.0,0.3988,0.0,0.0,0.0,0.0,0.0,0.0059,0.0,0.0196,0.0352
2020-06-16 14:26:51.380513,19.9056,0.0127,0.0,0.5142,0.0,0.0,0.0,0.0,0.0,0.0059,0.0,0.0205,0.0352
2020-06-16 14:26:51.489713,20.0148,0.0127,0.0,0.564,0.0,0.0,0.0,0.0,0.0,0.0049,0.0,0.0205,0.0362
2020-06-16 14:26:51.583313,20.1084,0.0127,0.0,0.567,0.0,0.0,0.0,0.0,0.0,0.0059,0.0,0.0196,0.0342
2020-06-16 14:26:51.676913,20.202,0.0117,0.0,0.5015,0.0,0.0,0.0,0.0,0.0,0.0059,0.0,0.0196,0.0352
2020-06-16 14:26:51.786113,20.3112,0.0127,0.0,0.0401,0.0,0.0,0.0,0.0,0.0,0.0059,0.0,0.0196,0.0352
2020-06-16 14:26:51.879713,20.4048,0.0127,0.0,0.0,0.0,0.0,0.0,0.0,0.0,0.0049,0.0,0.0205,0.0352
2020-06-16 14:26:51.988913,20.514,0.0127,0.0,0.0235,0.0,0.0,0.0,0.0,0.0,0.0059,0.0,0.0196,0.0352
2020-06-16 14:26:52.082513,20.6076,0.0127,0.0,0.3412,0.0,0.0,0.0,0.0,0.0,0.0068,0.0,0.0196,0.0352
2020-06-16 14:26:52.176113,20.7012,0.0127,0.0,0.4878,0.0,0.0,0.0,0.0,0.0,0.0049,0.0,0.0196,0.0352
2020-06-16 14:26:52.285313,20.8104,0.0127,0.0,0.5748,0.0,0.0,0.0,0.0,0.0,0.0049,0.0,0.0196,0.0352
2020-06-16 14:26:52.378913,20.904,0.0127,0.0,0.5865,0.0,0.0,0.0,0.0,0.0,0.0068,0.0,0.0196,0.0342
2020-06-16 14:26:52.488113,21.0132,0.0117,0.0,0.522,0.0,0.0,0.0,0.0,0.0,0.0059,0.0,0.0196,0.0342
2020-06-16 14:26:52.581713,21.1068,0.0117,0.0,0.1329,0.0,0.0,0.0,0.0,0.0,0.0049,0.0,0.0205,0.0342
2020-06-16 14:26:52.690913,21.216,0.0127,0.0,0.0,0.0,0.0,0.0,0.0,0.0,0.0049,0.0,0.0196,0.0352
2020-06-16 14:26:52.784513,21.3096,0.0127,0.0,0.0313,0.0,0.0,0.0,0.0,0.0,0.0059,0.0,0.0196,0.0362
2020-06-16 14:26:52.878113,21.4032,0.0127,0.0,0.2708,0.0,0.0,0.0,0.0,0.0,0.0068,0.0,0.0196,0.0352
2020-06-16 14:26:52.987313,21.5124,0.0127,0.0,0.4927,0.0,0.0,0.0,0.0,0.0,0.0059,0.0,0.0196,0.0352
2020-06-16 14:26:53.080913,21.606,0.0117,0.0,0.5728,0.0,0.0,0.0,0.0,0.0,0.0049,0.0,0.0196,0.0352
2020-06-16 14:26:53.190113,21.7152,0.0117,0.0,0.5758,0.0,0.0,0.0,0.0,0.0,0.0059,0.0,0.0196,0.0352
2020-06-16 14:26:53.283713,21.8088,0.0127,0.0,0.5259,0.0,0.0,0.0,0.0,0.0,0.0068,0.0,0.0196,0.0352
2020-06-16 14:26:53.377313,21.9024,0.0127,0.0,0.0792,0.0,0.0,0.0,0.0,0.0,0.0049,0.0,0.0196,0.0352
2020-06-16 14:26:53.486513,22.0116,0.0127,0.0,0.0176,0.0,0.0,0.0,0.0,0.0,0.0049,0.0,0.0196,0.0352
2020-06-16 14:26:53.580113,22.1052,0.0127,0.0,0.0596,0.0,0.0,0.0,0.0,0.0,0.0059,0.0,0.0196,0.0352
2020-06-16 14:26:53.689313,22.2144,0.0117,0.0,0.2933,0.0,0.0,0.0,0.0,0.0,0.0059,0.0,0.0196,0.0342
2020-06-16 14:26:53.782913,22.308,0.0137,0.0,0.5103,0.0,0.0,0.0,0.0,0.0,0.0049,0.0,0.0196,0.0342
2020-06-16 14:26:53.876513,22.4016,0.0117,0.0,0.5709,0.0,0.0,0.0,0.0,0.0,0.0049,0.0,0.0196,0.0352
2020-06-16 14:26:53.985713,22.5108,0.0127,0.0,0.5767,0.0,0.0,0.0,0.0,0.0,0.0068,0.0,0.0196,0.0352
2020-06-16 14:26:54.079313,22.6044,0.0127,0.0,0.5015,0.0,0.0,0.0,0.0,0.0,0.0059,0.0,0.0196,0.0352
2020-06-16 14:26:54.188513,22.7136,0.0127,0.0,0.0772,0.0,0.0,0.0,0.0,0.0,0.0049,0.0,0.0196,0.0352
2020-06-16 14:26:54.282113,22.8072,0.0127,0.0,0.0323,0.0,0.0,0.0,0.0,0.0,0.0059,0.0,0.0196,0.0352
2020-06-16 14:26:54.375713,22.9008,0.0117,0.0,0.0029,0.0,0.0,0.0,0.0,0.0,0.0059,0.0,0.0196,0.0352
2020-06-16 14:26:54.484913,23.01,0.0127,0.0,0.2151,0.0,0.0,0.0,0.0,0.0,0.0059,0.0,0.0196,0.0342
2020-06-16 14:26:54.578513,23.1036,0.0117,0.0,0.4614,0.0,0.0,0.0,0.0,0.0,0.0049,0.0,0.0196,0.0352
2020-06-16 14:26:54.687713,23.2128,0.0117,0.0,0.5689,0.0,0.0,0.0,0.0,0.0,0.0049,0.0,0.0196,0.0352
2020-06-16 14:26:54.781313,23.3064,0.0127,0.0,0.5689,0.0,0.0,0.0,0.0,0.0,0.0059,0.0,0.0196,0.0352
2020-06-16 14:26:54.890513,23.4156,0.0117,0.0,0.4575,0.0,0.0,0.0,0.0,0.0,0.0059,0.0,0.0196,0.0352
2020-06-16 14:26:54.984113,23.5092,0.0127,0.0,0.0381,0.0,0.0,0.0,0.0,0.0,0.0049,0.0,0.0196,0.0352
2020-06-16 14:26:55.077713,23.6028,0.0127,0.0,0.0,0.0,0.0,0.0,0.0,0.0,0.0068,0.0,0.0196,0.0352
2020-06-16 14:26:55.186913,23.712,0.0127,0.0,0.0039,0.0,0.0,0.0,0.0,0.0,0.0059,0.0,0.0196,0.0352
2020-06-16 14:26:55.280513,23.8056,0.0127,0.0,0.0381,0.0,0.0,0.0,0.0,0.0,0.0059,0.0,0.0196,0.0352
2020-06-16 14:26:55.389713,23.9148,0.0117,0.0,0.3939,0.0,0.0,0.0,0.0,0.0,0.0049,0.0,0.0196,0.0352
2020-06-16 14:26:55.483313,24.0084,0.0127,0.0,0.4712,0.0,0.0,0.0,0.0,0.0,0.0068,0.0,0.0196,0.0342
2020-06-16 14:26:55.576913,24.102,0.0117,0.0,0.566,0.0,0.0,0.0,0.0,0.0,0.0059,0.0,0.0205,0.0342
2020-06-16 14:26:55.686113,24.2112,0.0127,0.0,0.5689,0.0,0.0,0.0,0.0,0.0,0.0049,0.0,0.0196,0.0352
2020-06-16 14:26:55.779713,24.3048,0.0117,0.0,0.5112,0.0,0.0,0.0,0.0,0.0,0.0049,0.0,0.0196,0.0352
2020-06-16 14:26:55.888913,24.414,0.0117,0.0,0.1173,0.0,0.0,0.0,0.0,0.0,0.0059,0.0,0.0196,0.0352
2020-06-16 14:26:55.982513,24.5076,0.0127,0.0,0.0098,0.0,0.0,0.0,0.0,0.0,0.0049,0.0,0.0205,0.0352
2020-06-16 14:26:56.076113,24.6012,0.0127,0.0,0.0303,0.0,0.0,0.0,0.0,0.0,0.0049,0.0,0.0196,0.0352
2020-06-16 14:26:56.185313,24.7104,0.0137,0.0,0.2063,0.0,0.0,0.0,0.0,0.0,0.0059,0.0,0.0196,0.0352
2020-06-16 14:26:56.278913,24.804,0.0127,0.0,0.4262,0.0,0.0,0.0,0.0,0.0,0.0059,0.0,0.0205,0.0352
2020-06-16 14:26:56.388113,24.9132,0.0117,0.0,0.5464,0.0,0.0,0.0,0.0,0.0,0.0068,0.0,0.0205,0.0352
2020-06-16 14:26:56.481713,25.0068,0.0117,0.0,0.5816,0.0,0.0,0.0,0.0,0.0,0.0059,0.0,0.0205,0.0352
2020-06-16 14:26:56.590913,25.116,0.0127,0.0,0.5943,0.0,0.0,0.0,0.0,0.0,0.0039,0.0,0.0196,0.0342
2020-06-16 14:26:56.684513,25.2096,0.0117,0.0,0.5728,0.0,0.0,0.0,0.0,0.0,0.0068,0.0,0.0196,0.0352
2020-06-16 14:26:56.778113,25.3032,0.0117,0.0,0.1271,0.0,0.0,0.0,0.0,0.0,0.0068,0.0,0.0196,0.0352
2020-06-16 14:26:56.887313,25.4124,0.0127,0.0,0.0098,0.0,0.0,0.0,0.0,0.0,0.0059,0.0,0.0196,0.0362
2020-06-16 14:26:56.980913,25.506,0.0127,0.0,0.0626,0.0,0.0,0.0,0.0,0.0,0.0059,0.0,0.0196,0.0352
2020-06-16 14:26:57.090113,25.6152,0.0127,0.0,0.2239,0.0,0.0,0.0,0.0,0.0,0.0068,0.0,0.0205,0.0352
2020-06-16 14:26:57.183713,25.7088,0.0117,0.0,0.4516,0.0,0.0,0.0,0.0,0.0,0.0059,0.0,0.0196,0.0352
2020-06-16 14:26:57.277313,25.8024,0.0117,0.0,0.5484,0.0,0.0,0.0,0.0,0.0,0.0049,0.0,0.0205,0.0352
2020-06-16 14:26:57.386513,25.9116,0.0127,0.0,0.5797,0.0,0.0,0.0,0.0,0.0,0.0059,0.0,0.0205,0.0352
2020-06-16 14:26:57.480113,26.0052,0.0127,0.0,0.5484,0.0,0.0,0.0,0.0,0.0,0.0068,0.0,0.0196,0.0352
2020-06-16 14:26:57.589313,26.1144,0.0117,0.0,0.26,0.0,0.0,0.0,0.0,0.0,0.0049,0.0,0.0196,0.0342
2020-06-16 14:26:57.682913,26.208,0.0137,0.0,0.0,0.0,0.0,0.0,0.0,0.0,0.0059,0.0,0.0196,0.0352
2020-06-16 14:26:57.776513,26.3016,0.0127,0.0,0.0332,0.0,0.0,0.0,0.0,0.0,0.0068,0.0,0.0205,0.0362
2020-06-16 14:26:57.885713,26.4108,0.0127,0.0,0.1994,0.0,0.0,0.0,0.0,0.0,0.0068,0.0,0.0196,0.0352
2020-06-16 14:26:57.979313,26.5044,0.0137,0.0,0.4624,0.0,0.0,0.0,0.0,0.0,0.0059,0.0,0.0196,0.0352
2020-06-16 14:26:58.088513,26.6136,0.0127,0.0,0.5689,0.0,0.0,0.0,0.0,0.0,0.0049,0.0,0.0196,0.0352
2020-06-16 14:26:58.182113,26.7072,0.0117,0.0,0.5836,0.0,0.0,0.0,0.0,0.0,0.0049,0.0,0.0196,0.0342
2020-06-16 14:26:58.275713,26.8008,0.0127,0.0,0.5816,0.0,0.0,0.0,0.0,0.0,0.0059,0.0,0.0196,0.0352
2020-06-16 14:26:58.384913,26.91,0.0127,0.0,0.5103,0.0,0.0,0.0,0.0,0.0,0.0059,0.0,0.0196,0.0352
2020-06-16 14:26:58.478513,27.0036,0.0127,0.0,0.2131,0.0,0.0,0.0,0.0,0.0,0.0059,0.0,0.0196,0.0352
2020-06-16 14:26:58.587713,27.1128,0.0127,0.0,0.0391,0.0,0.0,0.0,0.0,0.0,0.0059,0.0,0.0196,0.0342
2020-06-16 14:26:58.681313,27.2064,0.0127,0.0,0.0176,0.0,0.0,0.0,0.0,0.0,0.0068,0.0,0.0196,0.0352
2020-06-16 14:26:58.790513,27.3156,0.0127,0.0,0.0665,0.0,0.0,0.0,0.0,0.0,0.0059,0.0,0.0196,0.0342
2020-06-16 14:26:58.884113,27.4092,0.0127,0.0,0.477,0.0,0.0,0.0,0.0,0.0,0.0049,0.0,0.0196,0.0323
2020-06-16 14:26:58.977713,27.5028,0.0127,0.0,0.5728,0.0,0.0,0.0,0.0,0.0,0.0059,0.0,0.0205,0.0352
2020-06-16 14:26:59.086913,27.612,0.0127,0.0,0.5836,0.0,0.0,0.0,0.0,0.0,0.0068,0.0,0.0196,0.0352
2020-06-16 14:26:59.180513,27.7056,0.0127,0.0,0.5748,0.0,0.0,0.0,0.0,0.0,0.0049,0.0,0.0196,0.0352
2020-06-16 14:26:59.289713,27.8148,0.0127,0.0,0.26,0.0,0.0,0.0,0.0,0.0,0.0049,0.0,0.0205,0.0352
2020-06-16 14:26:59.383313,27.9084,0.0127,0.0,0.0342,0.0,0.0,0.0,0.0,0.0,0.0059,0.0,0.0196,0.0352
2020-06-16 14:26:59.476913,28.002,0.0127,0.0,0.0293,0.0,0.0,0.0,0.0,0.0,0.0068,0.0,0.0196,0.0352
2020-06-16 14:26:59.586113,28.1112,0.0127,0.0,0.2903,0.0,0.0,0.0,0.0,0.0,0.0059,0.0,0.0205,0.0352
2020-06-16 14:26:59.679713,28.2048,0.0127,0.0,0.4741,0.0,0.0,0.0,0.0,0.0,0.0049,0.0,0.0196,0.0352
2020-06-16 14:26:59.788913,28.314,0.0127,0.0,0.5415,0.0,0.0,0.0,0.0,0.0,0.0059,0.0,0.0196,0.0342
2020-06-16 14:26:59.882513,28.4076,0.0127,0.0,0.5699,0.0,0.0,0.0,0.0,0.0,0.0059,0.0,0.0196,0.0352
2020-06-16 14:26:59.976113,28.5012,0.0127,0.0,0.5543,0.0,0.0,0.0,0.0,0.0,0.0049,0.0,0.0196,0.0352
2020-06-16 14:27:00.085313,28.6104,0.0127,0.0,0.2483,0.0,0.0,0.0,0.0,0.0,0.0059,0.0,0.0196,0.0342
2020-06-16 14:27:00.178913,28.704,0.0127,0.0,0.0,0.0,0.0,0.0,0.0,0.0,0.0059,0.0,0.0205,0.0342
2020-06-16 14:27:00.288113,28.8132,0.0127,0.0,0.0108,0.0,0.0,0.0,0.0,0.0,0.0059,0.0,0.0205,0.0352
2020-06-16 14:27:00.381713,28.9068,0.0117,0.0,0.1124,0.0,0.0,0.0,0.0,0.0,0.0049,0.0,0.0205,0.0352
2020-06-16 14:27:00.490913,29.016,0.0127,0.0,0.4409,0.0,0.0,0.0,0.0,0.0,0.0049,0.0,0.0196,0.0352
2020-06-16 14:27:00.584513,29.1096,0.0127,0.0,0.5474,0.0,0.0,0.0,0.0,0.0,0.0068,0.0,0.0196,0.0352
2020-06-16 14:27:00.678113,29.2032,0.0127,0.0,0.5904,0.0,0.0,0.0,0.0,0.0,0.0059,0.0,0.0196,0.0352
2020-06-16 14:27:00.787313,29.3124,0.0127,0.0,0.5953,0.0,0.0,0.0,0.0,0.0,0.0049,0.0,0.0196,0.0352
2020-06-16 14:27:00.880913,29.406,0.0117,0.0,0.563,0.0,0.0,0.0,0.0,0.0,0.0049,0.0,0.0196,0.0352
2020-06-16 14:27:00.990113,29.5152,0.0127,0.0,0.3363,0.0,0.0,0.0,0.0,0.0,0.0059,0.0,0.0196,0.0352
2020-06-16 14:27:01.083713,29.6088,0.0127,0.0,0.0362,0.0,0.0,0.0,0.0,0.0,0.0059,0.0,0.0205,0.0352
2020-06-16 14:27:01.177313,29.7024,0.0127,0.0,0.0332,0.0,0.0,0.0,0.0,0.0,0.0049,0.0,0.0196,0.0352
2020-06-16 14:27:01.286513,29.8116,0.0117,0.0,0.1222,0.0,0.0,0.0,0.0,0.0,0.0049,0.0,0.0205,0.0342
2020-06-16 14:27:01.380113,29.9052,0.0117,0.0,0.4008,0.0,0.0,0.0,0.0,0.0,0.0059,0.0,0.0196,0.0352
2020-06-16 14:27:01.489313,30.0144,0.0127,0.0,0.5367,0.0,0.0,0.0,0.0,0.0,0.0059,0.0,0.0196,0.0352
2020-06-16 14:27:01.582913,30.108,0.0127,0.0,0.5797,0.0,0.0,0.0,0.0,0.0,0.0049,0.0,0.0196,0.0352
2020-06-16 14:27:01.676513,30.2016,0.0127,0.0,0.5924,0.0,0.0,0.0,0.0,0.0,0.0049,0.0,0.0196,0.0352
2020-06-16 14:27:01.785713,30.3108,0.0127,0.0,0.5728,0.0,0.0,0.0,0.0,0.0,0.0059,0.0,0.0196,0.0342
2020-06-16 14:27:01.879313,30.4044,0.0127,0.0,0.3548,0.0,0.0,0.0,0.0,0.0,0.0049,0.0,0.0196,0.0352
2020-06-16 14:27:01.988513,30.5136,0.0127,0.0,0.0,0.0,0.0,0.0,0.0,0.0,0.0049,0.0,0.0196,0.0362
2020-06-16 14:27:02.082113,30.6072,0.0127,0.0,0.0264,0.0,0.0,0.0,0.0,0.0,0.0049,0.0,0.0205,0.0352
2020-06-16 14:27:02.175713,30.7008,0.0127,0.0,0.1153,0.0,0.0,0.0,0.0,0.0,0.0049,0.0,0.0196,0.0352
2020-06-16 14:27:02.284913,30.81,0.0117,0.0,0.2659,0.0,0.0,0.0,0.0,0.0,0.0049,0.0,0.0196,0.0352
2020-06-16 14:27:02.378513,30.9036,0.0127,0.0,0.435,0.0,0.0,0.0,0.0,0.0,0.0049,0.0,0.0196,0.0352
2020-06-16 14:27:02.487713,31.0128,0.0127,0.0,0.5455,0.0,0.0,0.0,0.0,0.0,0.0049,0.0,0.0186,0.0352
2020-06-16 14:27:02.581313,31.1064,0.0127,0.0,0.5718,0.0,0.0,0.0,0.0,0.0,0.0049,0.0,0.0196,0.0352
2020-06-16 14:27:02.690513,31.2156,0.0127,0.0,0.5806,0.0,0.0,0.0,0.0,0.0,0.0049,0.0,0.0196,0.0352
2020-06-16 14:27:02.784113,31.3092,0.0127,0.0,0.3421,0.0,0.0,0.0,0.0,0.0,0.0049,0.0,0.0196,0.0352
2020-06-16 14:27:02.877713,31.4028,0.0117,0.0,0.0674,0.0,0.0,0.0,0.0,0.0,0.0059,0.0,0.0196,0.0352
2020-06-16 14:27:02.986913,31.512,0.0137,0.0,0.0235,0.0,0.0,0.0,0.0,0.0,0.0059,0.0,0.0196,0.0352
2020-06-16 14:27:03.080513,31.6056,0.0117,0.0,0.0225,0.0,0.0,0.0,0.0,0.0,0.0039,0.0,0.0196,0.0352
2020-06-16 14:27:03.189713,31.7148,0.0127,0.0,0.1789,0.0,0.0,0.0,0.0,0.0,0.0039,0.0,0.0196,0.0352
2020-06-16 14:27:03.283313,31.8084,0.0127,0.0,0.4506,0.0,0.0,0.0,0.0,0.0,0.0059,0.0,0.0196,0.0352
2020-06-16 14:27:03.376913,31.902,0.0127,0.0,0.52,0.0,0.0,0.0,0.0,0.0,0.0039,0.0,0.0196,0.0342
2020-06-16 14:27:03.486113,32.0112,0.0127,0.0,0.5777,0.0,0.0,0.0,0.0,0.0,0.0039,0.0,0.0196,0.0352
2020-06-16 14:27:03.579713,32.1048,0.0127,0.0,0.5787,0.0,0.0,0.0,0.0,0.0,0.0039,0.0,0.0196,0.0352
2020-06-16 14:27:03.688913,32.214,0.0117,0.0,0.4233,0.0,0.0,0.0,0.0,0.0,0.0049,0.0,0.0196,0.0352
2020-06-16 14:27:03.782513,32.3076,0.0127,0.0,0.0635,0.0,0.0,0.0,0.0,0.0,0.0059,0.0,0.0196,0.0362
2020-06-16 14:27:03.876113,32.4012,0.0127,0.0,0.0235,0.0,0.0,0.0,0.0,0.0,0.0039,0.0,0.0196,0.0342
2020-06-16 14:27:03.985313,32.5104,0.0117,0.0,0.042,0.0,0.0,0.0,0.0,0.0,0.0039,0.0,0.0205,0.0352
2020-06-16 14:27:04.078913,32.604,0.0117,0.0,0.0674,0.0,0.0,0.0,0.0,0.0,0.0059,0.0,0.0196,0.0352
2020-06-16 14:27:04.188113,32.7132,0.0117,0.0,0.2903,0.0,0.0,0.0,0.0,0.0,0.0059,0.0,0.0196,0.0352
2020-06-16 14:27:04.281713,32.8068,0.0127,0.0,0.4477,0.0,0.0,0.0,0.0,0.0,0.0049,0.0,0.0205,0.0352
2020-06-16 14:27:04.390913,32.916,0.0127,0.0,0.523,0.0,0.0,0.0,0.0,0.0,0.0039,0.0,0.0196,0.0352
2020-06-16 14:27:04.484513,33.0096,0.0127,0.0,0.5562,0.0,0.0,0.0,0.0,0.0,0.0059,0.0,0.0196,0.0352
2020-06-16 14:27:04.578113,33.1032,0.0127,0.0,0.5718,0.0,0.0,0.0,0.0,0.0,0.0049,0.0,0.0196,0.0352
2020-06-16 14:27:04.687313,33.2124,0.0117,0.0,0.478,0.0,0.0,0.0,0.0,0.0,0.0049,0.0,0.0196,0.0342
2020-06-16 14:27:04.780913,33.306,0.0127,0.0,0.2268,0.0,0.0,0.0,0.0,0.0,0.0059,0.0,0.0196,0.0342
2020-06-16 14:27:04.890113,33.4152,0.0127,0.0,0.0293,0.0,0.0,0.0,0.0,0.0,0.0059,0.0,0.0196,0.0352
2020-06-16 14:27:04.983713,33.5088,0.0127,0.0,0.0068,0.0,0.0,0.0,0.0,0.0,0.0049,0.0,0.0196,0.0362
2020-06-16 14:27:05.077313,33.6024,0.0117,0.0,0.2502,0.0,0.0,0.0,0.0,0.0,0.0049,0.0,0.0196,0.0352
2020-06-16 14:27:05.186513,33.7116,0.0117,0.0,0.5171,0.0,0.0,0.0,0.0,0.0,0.0049,0.0,0.0196,0.0342
2020-06-16 14:27:05.280113,33.8052,0.0117,0.0,0.5865,0.0,0.0,0.0,0.0,0.0,0.0059,0.0,0.0196,0.0352
2020-06-16 14:27:05.389313,33.9144,0.0137,0.0,0.6012,0.0,0.0,0.0,0.0,0.0,0.0049,0.0,0.0196,0.0352
2020-06-16 14:27:05.482913,34.008,0.0117,0.0,0.5503,0.0,0.0,0.0,0.0,0.0,0.0039,0.0,0.0196,0.0352
2020-06-16 14:27:05.576513,34.1016,0.0127,0.0,0.3617,0.0,0.0,0.0,0.0,0.0,0.0059,0.0,0.0196,0.0362
2020-06-16 14:27:05.685713,34.2108,0.0127,0.0,0.0362,0.0,0.0,0.0,0.0,0.0,0.0059,0.0,0.0205,0.0352
2020-06-16 14:27:05.779313,34.3044,0.0127,0.0,0.0352,0.0,0.0,0.0,0.0,0.0,0.0039,0.0,0.0196,0.0362
2020-06-16 14:27:05.888513,34.4136,0.0117,0.0,0.1339,0.0,0.0,0.0,0.0,0.0,0.0039,0.0,0.0196,0.0352
2020-06-16 14:27:05.982113,34.5072,0.0127,0.0,0.3578,0.0,0.0,0.0,0.0,0.0,0.0049,0.0,0.0196,0.0352
2020-06-16 14:27:06.075713,34.6008,0.0127,0.0,0.4809,0.0,0.0,0.0,0.0,0.0,0.0059,0.0,0.0196,0.0352
2020-06-16 14:27:06.184913,34.71,0.0117,0.0,0.5494,0.0,0.0,0.0,0.0,0.0,0.0049,0.0,0.0196,0.0352
2020-06-16 14:27:06.278513,34.8036,0.0127,0.0,0.5445,0.0,0.0,0.0,0.0,0.0,0.0039,0.0,0.0196,0.0352
2020-06-16 14:27:06.387713,34.9128,0.0117,0.0,0.4057,0.0,0.0,0.0,0.0,0.0,0.0049,0.0,0.0196,0.0352
2020-06-16 14:27:06.481313,35.0064,0.0127,0.0,0.1222,0.0,0.0,0.0,0.0,0.0,0.0049,0.0,0.0196,0.0342
2020-06-16 14:27:06.590513,35.1156,0.0127,0.0,0.044,0.0,0.0,0.0,0.0,0.0,0.0049,0.0,0.0205,0.0352
2020-06-16 14:27:06.684113,35.2092,0.0137,0.0,0.044,0.0,0.0,0.0,0.0,0.0,0.0049,0.0,0.0196,0.0352
2020-06-16 14:27:06.777713,35.3028,0.0117,0.0,0.2678,0.0,0.0,0.0,0.0,0.0,0.0049,0.0,0.0205,0.0352
2020-06-16 14:27:06.886913,35.412,0.0117,0.0,0.479,0.0,0.0,0.0,0.0,0.0,0.0059,0.0,0.0196,0.0352
2020-06-16 14:27:06.980513,35.5056,0.0127,0.0,0.5552,0.0,0.0,0.0,0.0,0.0,0.0039,0.0,0.0196,0.0362
2020-06-16 14:27:07.089713,35.6148,0.0117,0.0,0.566,0.0,0.0,0.0,0.0,0.0,0.0049,0.0,0.0196,0.0352
2020-06-16 14:27:07.183313,35.7084,0.0127,0.0,0.5103,0.0,0.0,0.0,0.0,0.0,0.0059,0.0,0.0196,0.0342
2020-06-16 14:27:07.276913,35.802,0.0127,0.0,0.1935,0.0,0.0,0.0,0.0,0.0,0.0049,0.0,0.0196,0.0352
2020-06-16 14:27:07.386113,35.9112,0.0127,0.0,0.002,0.0,0.0,0.0,0.0,0.0,0.0049,0.0,0.0196,0.0352
2020-06-16 14:27:07.479713,36.0048,0.0117,0.0,0.0332,0.0,0.0,0.0,0.0,0.0,0.0049,0.0,0.0196,0.0362
2020-06-16 14:27:07.588913,36.114,0.0127,0.0,0.0626,0.0,0.0,0.0,0.0,0.0,0.0059,0.0,0.0196,0.0352
2020-06-16 14:27:07.682513,36.2076,0.0117,0.0,0.2454,0.0,0.0,0.0,0.0,0.0,0.0049,0.0,0.0205,0.0342
2020-06-16 14:27:07.776113,36.3012,0.0117,0.0,0.4555,0.0,0.0,0.0,0.0,0.0,0.0049,0.0,0.0196,0.0342
2020-06-16 14:27:07.885313,36.4104,0.0117,0.0,0.5474,0.0,0.0,0.0,0.0,0.0,0.0049,0.0,0.0196,0.0352
2020-06-16 14:27:07.978913,36.504,0.0127,0.0,0.5562,0.0,0.0,0.0,0.0,0.0,0.0059,0.0,0.0205,0.0352
2020-06-16 14:27:08.088113,36.6132,0.0127,0.0,0.5239,0.0,0.0,0.0,0.0,0.0,0.0039,0.0,0.0196,0.0352
2020-06-16 14:27:08.181713,36.7068,0.0127,0.0,0.1984,0.0,0.0,0.0,0.0,0.0,0.0039,0.0,0.0196,0.0342
2020-06-16 14:27:08.290913,36.816,0.0127,0.0,0.0078,0.0,0.0,0.0,0.0,0.0,0.0039,0.0,0.0205,0.0352
2020-06-16 14:27:08.384513,36.9096,0.0127,0.0,0.0743,0.0,0.0,0.0,0.0,0.0,0.0049,0.0,0.0205,0.0352
2020-06-16 14:27:08.478113,37.0032,0.0137,0.0,0.2356,0.0,0.0,0.0,0.0,0.0,0.0049,0.0,0.0196,0.0342
2020-06-16 14:27:08.587313,37.1124,0.0127,0.0,0.4633,0.0,0.0,0.0,0.0,0.0,0.0039,0.0,0.0176,0.0352
2020-06-16 14:27:08.680913,37.206,0.0127,0.0,0.5611,0.0,0.0,0.0,0.0,0.0,0.0059,0.0,0.0205,0.0352
2020-06-16 14:27:08.790113,37.3152,0.0117,0.0,0.5767,0.0,0.0,0.0,0.0,0.0,0.0049,0.0,0.0205,0.0352
2020-06-16 14:27:08.883713,37.4088,0.0117,0.0,0.5728,0.0,0.0,0.0,0.0,0.0,0.0049,0.0,0.0196,0.0352
2020-06-16 14:27:08.977313,37.5024,0.0117,0.0,0.5484,0.0,0.0,0.0,0.0,0.0,0.0049,0.0,0.0196,0.0352
2020-06-16 14:27:09.086513,37.6116,0.0127,0.0,0.1955,0.0,0.0,0.0,0.0,0.0,0.0049,0.0,0.0196,0.0352
2020-06-16 14:27:09.180113,37.7052,0.0117,0.0,0.0381,0.0,0.0,0.0,0.0,0.0,0.0059,0.0,0.0196,0.0352
2020-06-16 14:27:09.289313,37.8144,0.0127,0.0,0.0352,0.0,0.0,0.0,0.0,0.0,0.0049,0.0,0.0196,0.0342
2020-06-16 14:27:09.382913,37.908,0.0127,0.0,0.1261,0.0,0.0,0.0,0.0,0.0,0.0039,0.0,0.0205,0.0352
2020-06-16 14:27:09.476513,38.0016,0.0127,0.0,0.3187,0.0,0.0,0.0,0.0,0.0,0.0059,0.0,0.0205,0.0352
2020-06-16 14:27:09.585713,38.1108,0.0127,0.0,0.523,0.0,0.0,0.0,0.0,0.0,0.0059,0.0,0.0196,0.0352
2020-06-16 14:27:09.679313,38.2044,0.0117,0.0,0.5748,0.0,0.0,0.0,0.0,0.0,0.0049,0.0,0.0196,0.0352
2020-06-16 14:27:09.788513,38.3136,0.0127,0.0,0.5826,0.0,0.0,0.0,0.0,0.0,0.0049,0.0,0.0196,0.0352
2020-06-16 14:27:09.882113,38.4072,0.0127,0.0,0.563,0.0,0.0,0.0,0.0,0.0,0.0059,0.0,0.0196,0.0352
2020-06-16 14:27:09.975713,38.5008,0.0127,0.0,0.2737,0.0,0.0,0.0,0.0,0.0,0.0059,0.0,0.0196,0.0352
2020-06-16 14:27:10.084913,38.61,0.0117,0.0,0.0948,0.0,0.0,0.0,0.0,0.0,0.0049,0.0,0.0196,0.0352
2020-06-16 14:27:10.178513,38.7036,0.0127,0.0,0.0352,0.0,0.0,0.0,0.0,0.0,0.0049,0.0,0.0196,0.0352
2020-06-16 14:27:10.287713,38.8128,0.0127,0.0,0.0714,0.0,0.0,0.0,0.0,0.0,0.0059,0.0,0.0205,0.0352
2020-06-16 14:27:10.381313,38.9064,0.0117,0.0,0.3539,0.0,0.0,0.0,0.0,0.0,0.0049,0.0,0.0196,0.0352
2020-06-16 14:27:10.490513,39.0156,0.0117,0.0,0.5269,0.0,0.0,0.0,0.0,0.0,0.0049,0.0,0.0196,0.0352
2020-06-16 14:27:10.584113,39.1092,0.0117,0.0,0.5806,0.0,0.0,0.0,0.0,0.0,0.0049,0.0,0.0196,0.0352
2020-06-16 14:27:10.677713,39.2028,0.0117,0.0,0.5865,0.0,0.0,0.0,0.0,0.0,0.0059,0.0,0.0196,0.0352
2020-06-16 14:27:10.786913,39.312,0.0127,0.0,0.564,0.0,0.0,0.0,0.0,0.0,0.0059,0.0,0.0196,0.0352
2020-06-16 14:27:10.880513,39.4056,0.0127,0.0,0.3392,0.0,0.0,0.0,0.0,0.0,0.0049,0.0,0.0196,0.0352
2020-06-16 14:27:10.989713,39.5148,0.0127,0.0,0.0655,0.0,0.0,0.0,0.0,0.0,0.0059,0.0,0.0196,0.0352
2020-06-16 14:27:11.083313,39.6084,0.0127,0.0,0.0264,0.0,0.0,0.0,0.0,0.0,0.0059,0.0,0.0196,0.0352
2020-06-16 14:27:11.176913,39.702,0.0127,0.0,0.0323,0.0,0.0,0.0,0.0,0.0,0.0039,0.0,0.0205,0.0352
2020-06-16 14:27:11.286113,39.8112,0.0137,0.0,0.1593,0.0,0.0,0.0,0.0,0.0,0.0049,0.0,0.0196,0.0342
2020-06-16 14:27:11.379713,39.9048,0.0117,0.0,0.3597,0.0,0.0,0.0,0.0,0.0,0.0059,0.0,0.0196,0.0342
2020-06-16 14:27:11.488913,40.014,0.0137,0.0,0.5327,0.0,0.0,0.0,0.0,0.0,0.0059,0.0,0.0196,0.0342
2020-06-16 14:27:11.582513,40.1076,0.0127,0.0,0.5797,0.0,0.0,0.0,0.0,0.0,0.0059,0.0,0.0196,0.0352
2020-06-16 14:27:11.676113,40.2012,0.0127,0.0,0.5826,0.0,0.0,0.0,0.0,0.0,0.0049,0.0,0.0196,0.0352
2020-06-16 14:27:11.785313,40.3104,0.0127,0.0,0.4555,0.0,0.0,0.0,0.0,0.0,0.0059,0.0,0.0196,0.0352
2020-06-16 14:27:11.878913,40.404,0.0117,0.0,0.0401,0.0,0.0,0.0,0.0,0.0,0.0059,0.0,0.0205,0.0352
2020-06-16 14:27:11.988113,40.5132,0.0127,0.0,0.0,0.0,0.0,0.0,0.0,0.0,0.0049,0.0,0.0196,0.0352
2020-06-16 14:27:12.081713,40.6068,0.0117,0.0,0.0,0.0,0.0,0.0,0.0,0.0,0.0049,0.0,0.0196,0.0352
2020-06-16 14:27:12.190913,40.716,0.0127,0.0,0.0,0.0,0.0,0.0,0.0,0.0,0.0068,0.0,0.0196,0.0342
2020-06-16 14:27:12.284513,40.8096,0.0117,0.0,0.0,0.0,0.0,0.0,0.0,0.0,0.0059,0.0,0.0196,0.0352
2020-06-16 14:27:12.378113,40.9032,0.0127,0.0,0.0,0.0,0.0,0.0,0.0,0.0,0.0049,0.0,0.0196,0.0352
2020-06-16 14:27:12.487313,41.0124,0.0127,0.0,0.0,0.0,0.0,0.0,0.0,0.0,0.0049,0.0,0.0196,0.0352
2020-06-16 14:27:12.580913,41.106,0.0127,0.0,0.0,0.0,0.0,0.0,0.0,0.0,0.0068,0.0,0.0196,0.0352
2020-06-16 14:27:12.690113,41.2152,0.0127,0.0,0.0,0.0,0.0,0.0,0.0,0.0,0.0059,0.0,0.0196,0.0342
2020-06-16 14:27:12.783713,41.3088,0.0127,0.0,0.0,0.0,0.0,0.0,0.0,0.0,0.0039,0.0,0.0196,0.0352
2020-06-16 14:27:12.877313,41.4024,0.0127,0.0,0.0,0.0,0.0,0.0,0.0,0.0,0.0049,0.0,0.0196,0.0352
2020-06-16 14:27:12.986513,41.5116,0.0127,0.0,0.0,0.0,0.0,0.0,0.0,0.0,0.0059,0.0,0.0196,0.0362
2020-06-16 14:27:13.080113,41.6052,0.0137,0.0,0.0,0.0,0.0,0.0,0.0,0.0,0.0049,0.0,0.0196,0.0352
2020-06-16 14:27:13.189313,41.7144,0.0127,0.0,0.0,0.0,0.0,0.0,0.0,0.0,0.0039,0.0,0.0196,0.0352
2020-06-16 14:27:13.282913,41.808,0.0127,0.0,0.0,0.0,0.0,0.0,0.0,0.0,0.0049,0.0,0.0196,0.0352
2020-06-16 14:27:13.376513,41.9016,0.0127,0.0,0.0,0.0,0.0,0.0,0.0,0.0,0.0059,0.0,0.0196,0.0352
2020-06-16 14:27:13.485713,42.0108,0.0127,0.0,0.0,0.0,0.0,0.0,0.0,0.0,0.0049,0.0,0.0196,0.0352
2020-06-16 14:27:13.579313,42.1044,0.0127,0.002,0.0,0.0,0.0,0.0,0.0,0.0,0.0039,0.0,0.0205,0.0352
2020-06-16 14:27:13.688513,42.2136,0.0127,0.001,0.0,0.0,0.0,0.0,0.0,0.0,0.0049,0.0,0.0196,0.0352
2020-06-16 14:27:13.782113,42.3072,0.0117,0.0,0.0,0.0,0.0,0.0,0.0,0.0,0.0059,0.0,0.0196,0.0352
2020-06-16 14:27:13.875713,42.4008,0.0127,0.0,0.0,0.0,0.0,0.0,0.0,0.0,0.0049,0.0,0.0196,0.0362
2020-06-16 14:27:13.984913,42.51,0.0127,0.0,0.0,0.0,0.0,0.0,0.0,0.0,0.0039,0.0,0.0196,0.0352
2020-06-16 14:27:14.078513,42.6036,0.0127,0.0,0.0,0.0,0.0,0.0,0.0,0.0,0.0059,0.0,0.0196,0.0352
2020-06-16 14:27:14.187713,42.7128,0.0127,0.001,0.0,0.0,0.0,0.0,0.0,0.0,0.0059,0.0,0.0196,0.0352
2020-06-16 14:27:14.281313,42.8064,0.0117,0.0,0.0,0.0,0.0,0.0,0.0,0.0,0.0049,0.0,0.0205,0.0342
2020-06-16 14:27:14.390513,42.9156,0.0127,0.0,0.0,0.0,0.0,0.0,0.0,0.0,0.0049,0.0,0.0186,0.0371
2020-06-16 14:27:14.484113,43.0092,0.0127,0.001,0.0,0.0,0.0,0.0,0.0,0.0,0.0059,0.0,0.0205,0.0342
